transfer_type;from;to;vehicle;pax_max;date_from;date_to;price;currency
Аэропорт-Отель-Аэропорт ;Аэропорт Antalya;Dalaman;Индивидуальный трансфер микроавтобус (с гидом) (макс. 12 чел.);12;01.01.2024;31.03.2027;700;EUR
Аэропорт-Отель;Аэропорт Antalya;Dalaman;Индивидуальный трансфер аэропорт - отель микроавтобус (с гидом) (макс. 12 чел.);12;01.01.2024;31.03.2027;350;EUR
Аэропорт-Отель-Аэропорт ;Аэропорт Antalya;Fethiye;Индивидуальный трансфер микроавтобус (с гидом) (макс. 12 чел.);12;01.01.2024;31.03.2027;644;EUR
Аэропорт-Отель;Аэропорт Antalya;Fethiye;Индивидуальный трансфер аэропорт - отель микроавтобус (с гидом) (макс. 12 чел.);12;01.01.2024;31.03.2027;322;EUR
Аэропорт-Отель-Аэропорт ;Аэропорт Antalya;Marmaris;Индивидуальный трансфер микроавтобус (с гидом) (макс. 12 чел.);12;01.01.2024;31.03.2027;744;EUR
Аэропорт-Отель;Аэропорт Antalya;Marmaris;Индивидуальный трансфер аэропорт - отель микроавтобус (с гидом) (макс. 12 чел.);12;01.01.2024;31.03.2027;372;EUR
Аэропорт-Отель-Аэропорт ;Аэропорт Antalya;Dalaman;Индивидуальный трансфер микроавтобус (без гида) (макс. 12 чел.);12;01.11.2024;31.03.2027;666;EUR
Аэропорт-Отель;Аэропорт Antalya;Dalaman;Индивидуальный трансфер аэропорт - отель микроавтобус (без гида) (макс. 12 чел.);12;01.11.2024;31.03.2027;333;EUR
Аэропорт-Отель-Аэропорт ;Аэропорт Antalya;Fethiye;Индивидуальный трансфер микроавтобус (без гида) (макс. 12 чел.);12;01.11.2024;31.03.2027;611;EUR
Аэропорт-Отель;Аэропорт Antalya;Fethiye;Индивидуальный трансфер аэропорт - отель микроавтобус (без гида) (макс. 12 чел.);12;01.11.2024;31.03.2027;306;EUR
Аэропорт-Отель-Аэропорт ;Аэропорт Antalya;Marmaris;Индивидуальный трансфер микроавтобус (без гида) (макс. 12 чел.);12;01.11.2024;31.03.2027;711;EUR
Аэропорт-Отель;Аэропорт Antalya;Marmaris;Индивидуальный трансфер аэропорт - отель микроавтобус (без гида) (макс. 12 чел.);12;01.11.2024;31.03.2026;356;EUR
Аэропорт-Отель-Аэропорт ;Аэропорт Antalya;Marmaris;Индивидуальный трансфер MERCEDES VITO (с гидом) (макс. 5 чел.);5;01.01.2024;31.03.2027;866;EUR
Аэропорт-Отель;Аэропорт Antalya;Marmaris;Индивидуальный трансфер аэропорт - отель MERCEDES VITO (с гидом) (макс.5 чел.);5;01.01.2024;31.03.2027;433;EUR
Аэропорт-Отель-Аэропорт ;Аэропорт Antalya;Fethiye;Индивидуальный трансфер MERCEDES VITO (с гидом) (макс. 5 чел.);5;01.01.2024;31.03.2027;766;EUR
Аэропорт-Отель;Аэропорт Antalya;Fethiye;Индивидуальный трансфер аэропорт - отель MERCEDES VITO (с гидом) (макс.5 чел.);5;01.01.2024;31.03.2027;383;EUR
Аэропорт-Отель-Аэропорт ;Аэропорт Antalya;Dalaman;Индивидуальный трансфер MERCEDES VITO (с гидом) (макс. 5 чел.);5;01.01.2024;31.03.2027;722;EUR
Аэропорт-Отель;Аэропорт Antalya;Dalaman;Индивидуальный трансфер аэропорт - отель MERCEDES VITO (с гидом) (макс.5 чел.);5;01.01.2024;31.03.2027;361;EUR
Аэропорт-Отель-Аэропорт ;Аэропорт Antalya;Dalaman;Индивидуальный трансфер MERCEDES VITO (без гида) (макс. 5 чел.);5;01.01.2024;31.03.2027;689;EUR
Аэропорт-Отель;Аэропорт Antalya;Dalaman;Индивидуальный трансфер аэропорт - отель MERCEDES VITO (без гида) (макс.5 чел.);5;01.01.2024;31.03.2027;345;EUR
Аэропорт-Отель-Аэропорт ;Аэропорт Antalya;Fethiye;Индивидуальный трансфер MERCEDES VITO (без гида) (макс. 5 чел.);5;01.01.2024;31.03.2026;633;EUR
Аэропорт-Отель;Аэропорт Antalya;Fethiye;Индивидуальный трансфер аэропорт - отель MERCEDES VITO (без гида) (макс.5 чел.);5;01.01.2024;31.03.2027;317;EUR
Аэропорт-Отель-Аэропорт ;Аэропорт Antalya;Marmaris;Индивидуальный трансфер MERCEDES VITO (без гида) (макс. 5 чел.);5;01.01.2024;31.03.2026;733;EUR
Аэропорт-Отель;Аэропорт Antalya;Marmaris;Индивидуальный трансфер аэропорт - отель MERCEDES VITO (без гида) (макс.5 чел.);5;01.01.2024;31.03.2027;367;EUR
Аэропорт-Отель-Аэропорт ;Аэропорт Antalya;Dalaman;Индивидуальный трансфер делюкс микроавтобус (с гидом) (макс. 8 чел.);8;01.01.2024;31.03.2027;744;EUR
Аэропорт-Отель;Аэропорт Antalya;Dalaman;Индивидуальный трансфер делюкс микроавтобус (с гидом) (макс. 8 чел.);8;01.01.2024;31.03.2027;372;EUR
Аэропорт-Отель-Аэропорт ;Аэропорт Antalya;Fethiye;Индивидуальный трансфер делюкс микроавтобус (с гидом) (макс. 8 чел.);8;01.01.2024;31.03.2027;689;EUR
Аэропорт-Отель;Аэропорт Antalya;Fethiye;Индивидуальный трансфер делюкс микроавтобус (с гидом) (макс. 8 чел.);8;01.01.2024;31.03.2027;345;EUR
Аэропорт-Отель-Аэропорт ;Аэропорт Antalya;Marmaris;Индивидуальный трансфер делюкс микроавтобус (с гидом) (макс. 8 чел.);8;01.01.2024;31.03.2027;789;EUR
Аэропорт-Отель;Аэропорт Antalya;Marmaris;Индивидуальный трансфер делюкс микроавтобус (с гидом) (макс. 8 чел.);8;01.01.2024;31.03.2027;395;EUR
Аэропорт-Отель-Аэропорт ;Аэропорт Antalya;Dalaman;Индивидуальный трансфер делюкс микроавтобус (без гида) (макс. 8 чел.);8;01.11.2024;31.03.2027;711;EUR
Аэропорт-Отель;Аэропорт Antalya;Dalaman;Индивидуальный трансфер делюкс микроавтобус (без гида) (макс. 8 чел.);8;01.11.2024;31.03.2027;356;EUR
Аэропорт-Отель-Аэропорт ;Аэропорт Antalya;Fethiye;Индивидуальный трансфер делюкс микроавтобус (без гида) (макс. 8 чел.);8;01.11.2024;31.03.2027;655;EUR
Аэропорт-Отель;Аэропорт Antalya;Fethiye;Индивидуальный трансфер делюкс микроавтобус (без гида) (макс. 8 чел.);8;01.11.2024;31.03.2027;328;EUR
Аэропорт-Отель-Аэропорт ;Аэропорт Antalya;Marmaris;Индивидуальный трансфер делюкс микроавтобус (без гида) (макс. 8 чел.);8;01.11.2024;31.03.2027;755;EUR
Аэропорт-Отель;Аэропорт Antalya;Marmaris;Индивидуальный трансфер делюкс микроавтобус (без гида) (макс. 8 чел.);8;01.11.2024;31.03.2027;378;EUR
Аэропорт-Отель-Аэропорт ;Аэропорт Antalya;Alanya;Индивидуальный трансфер мидибас (макс. 20 чел.);20;11.03.2024;31.03.2027;600;EUR
Аэропорт-Отель-Аэропорт ;Аэропорт Antalya;Kemer;Индивидуальный трансфер мидибас (макс. 20 чел.);20;11.03.2024;31.03.2027;333;EUR
Аэропорт-Отель-Аэропорт ;Аэропорт Antalya;Antalya;Индивидуальный трансфер мидибас (макс. 20 чел.);20;11.03.2024;31.03.2027;222;EUR
Аэропорт-Отель-Аэропорт ;Аэропорт Antalya;Side;Индивидуальный трансфер мидибас (макс. 20 чел.);20;11.03.2024;31.03.2027;489;EUR
Аэропорт-Отель-Аэропорт ;Аэропорт Antalya;Belek;Индивидуальный трансфер мидибас (макс. 20 чел.);20;11.03.2024;31.03.2027;267;EUR
Аэропорт-Отель-Аэропорт ;Аэропорт Antalya;Denizyaka;Индивидуальный трансфер мидибас (макс. 20 чел.);20;11.03.2024;31.03.2027;311;EUR
Аэропорт-Отель;Аэропорт Antalya;Antalya;Индивидуальный трансфер аэропорт - отель мидибас (макс. 20 чел.);20;11.03.2024;31.03.2027;111;EUR
Аэропорт-Отель;Аэропорт Antalya;Alanya;Индивидуальный трансфер аэропорт - отель мидибас (макс. 20 чел.);20;11.03.2024;31.03.2027;300;EUR
Аэропорт-Отель;Аэропорт Antalya;Side;Индивидуальный трансфер аэропорт - отель мидибас (макс. 20 чел.);20;11.03.2024;31.03.2027;245;EUR
Аэропорт-Отель;Аэропорт Antalya;Belek;Индивидуальный трансфер аэропорт - отель мидибас (макс. 20 чел.);20;11.03.2024;31.03.2027;134;EUR
Аэропорт-Отель;Аэропорт Antalya;Kemer;Индивидуальный трансфер аэропорт - отель мидибас (макс. 20 чел.);20;11.03.2024;31.03.2027;167;EUR
Аэропорт-Отель;Аэропорт Antalya;Denizyaka;Индивидуальный трансфер аэропорт - отель мидибас (макс. 20 чел.);20;11.03.2024;31.03.2027;156;EUR
Аэропорт-Отель-Аэропорт ;Аэропорт Antalya;Antalya;Индивидуальный трансфер автобус (макс. 42 чел.);42;11.03.2024;31.03.2027;333;EUR
Аэропорт-Отель-Аэропорт ;Аэропорт Antalya;Side;Индивидуальный трансфер автобус (макс. 42 чел.);42;11.03.2024;31.03.2027;755;EUR
Аэропорт-Отель-Аэропорт ;Аэропорт Antalya;Belek;Индивидуальный трансфер автобус (макс. 42 чел.);42;11.03.2024;31.03.2027;422;EUR
Аэропорт-Отель-Аэропорт ;Аэропорт Antalya;Alanya;Индивидуальный трансфер автобус (макс. 42 чел.);42;11.03.2024;31.03.2027;911;EUR
Аэропорт-Отель-Аэропорт ;Аэропорт Antalya;Kemer;Индивидуальный трансфер автобус (макс. 42 чел.);42;11.03.2024;31.03.2027;511;EUR
Аэропорт-Отель-Аэропорт ;Аэропорт Antalya;Denizyaka;Индивидуальный трансфер автобус (макс. 42 чел.);42;11.03.2024;31.03.2027;444;EUR
Аэропорт-Отель;Аэропорт Antalya;Belek;Индивидуальный трансфер аэропорт - отель автобус (макс. 42 чел.);42;11.03.2024;31.03.2027;211;EUR
Аэропорт-Отель;Аэропорт Antalya;Side;Индивидуальный трансфер аэропорт - отель автобус (макс. 42 чел.);42;11.03.2024;31.03.2027;378;EUR
Аэропорт-Отель;Аэропорт Antalya;Kemer;Индивидуальный трансфер аэропорт - отель автобус (макс. 42 чел.);42;11.03.2024;31.03.2027;256;EUR
Аэропорт-Отель;Аэропорт Antalya;Alanya;Индивидуальный трансфер аэропорт - отель автобус (макс. 42 чел.);42;11.03.2024;31.03.2027;456;EUR
Аэропорт-Отель;Аэропорт Antalya;Antalya;Индивидуальный трансфер аэропорт - отель автобус (макс. 42 чел.);42;11.03.2024;31.03.2027;167;EUR
Аэропорт-Отель;Аэропорт Antalya;Denizyaka;Индивидуальный трансфер аэропорт - отель автобус (макс. 42 чел.);42;11.03.2024;31.03.2027;222;EUR
Аэропорт-Отель-Аэропорт ;Аэропорт Antalya;Kemer;Индивидуальный трансфер микроавтобус (без гида) (макс. 12 чел.);12;19.09.2024;31.03.2027;176;EUR
Аэропорт-Отель;Аэропорт Antalya;Kemer;Индивидуальный трансфер аэропорт - отель микроавтобус (без гида) (макс. 12 чел.);12;19.09.2024;31.03.2027;88;EUR
Аэропорт-Отель-Аэропорт ;Аэропорт Antalya;Kemer;Индивидуальный трансфер микроавтобус (с гидом) (макс. 12 чел.);12;01.01.2025;31.03.2027;211;EUR
Аэропорт-Отель;Аэропорт Antalya;Kemer;Индивидуальный трансфер аэропорт - отель микроавтобус (с гидом) (макс. 12 чел.);12;01.01.2025;31.03.2027;106;EUR
Аэропорт-Отель-Аэропорт ;Аэропорт Antalya;Kemer;Индивидуальный трансфер MERCEDES VITO (без гида) (макс. 5 чел.);5;01.01.2025;31.03.2027;198;EUR
Аэропорт-Отель;Аэропорт Antalya;Kemer;Индивидуальный трансфер аэропорт - отель MERCEDES VITO (без гида) (макс.5 чел.);5;01.01.2025;31.03.2027;99;EUR
Аэропорт-Отель-Аэропорт ;Аэропорт Antalya;Kemer;Индивидуальный трансфер MERCEDES VITO (с гидом) (макс. 5 чел.);5;01.01.2025;31.03.2027;234;EUR
Аэропорт-Отель;Аэропорт Antalya;Kemer;Индивидуальный трансфер аэропорт - отель MERCEDES VITO (с гидом) (макс.5 чел.);5;01.01.2025;31.03.2027;117;EUR
Аэропорт-Отель-Аэропорт ;Аэропорт Antalya;Kemer;Индивидуальный трансфер делюкс микроавтобус (без гида) (макс. 8 чел.);8;01.01.2025;31.03.2027;220;EUR
Аэропорт-Отель;Аэропорт Antalya;Kemer;Индивидуальный трансфер делюкс микроавтобус (без гида) (макс. 8 чел.);8;01.01.2025;31.03.2027;110;EUR
Аэропорт-Отель-Аэропорт ;Аэропорт Antalya;Kemer;Индивидуальный трансфер делюкс микроавтобус (с гидом) (макс. 8 чел.);8;01.01.2025;31.03.2027;256;EUR
Аэропорт-Отель;Аэропорт Antalya;Kemer;Индивидуальный трансфер делюкс микроавтобус (с гидом) (макс. 8 чел.);8;01.01.2025;31.03.2027;128;EUR
Аэропорт-Отель;Аэропорт Antalya;Antalya;Индивидуальный трансфер аэропорт - отель микроавтобус (без гида) (макс. 12 чел.);12;01.01.2024;31.03.2027;66;EUR
Аэропорт-Отель-Аэропорт ;Аэропорт Antalya;Antalya;Индивидуальный трансфер микроавтобус (без гида) (макс. 12 чел.);12;01.01.2024;31.03.2027;131;EUR
Аэропорт-Отель-Аэропорт ;Аэропорт Antalya;Antalya;Индивидуальный трансфер микроавтобус (с гидом) (макс. 12 чел.);12;01.01.2025;31.03.2027;167;EUR
Аэропорт-Отель;Аэропорт Antalya;Antalya;Индивидуальный трансфер аэропорт - отель микроавтобус (с гидом) (макс. 12 чел.);12;01.01.2025;31.03.2027;84;EUR
Аэропорт-Отель;Аэропорт Antalya;Antalya;Индивидуальный трансфер аэропорт - отель MERCEDES VITO (без гида) (макс.5 чел.);5;01.01.2025;31.03.2027;77;EUR
Аэропорт-Отель-Аэропорт ;Аэропорт Antalya;Antalya;Индивидуальный трансфер MERCEDES VITO (без гида) (макс. 5 чел.);5;01.01.2025;31.10.2026;154;EUR
Аэропорт-Отель-Аэропорт ;Аэропорт Antalya;Antalya;Индивидуальный трансфер MERCEDES VITO (с гидом) (макс. 5 чел.);5;01.01.2025;31.03.2027;190;EUR
Аэропорт-Отель;Аэропорт Antalya;Antalya;Индивидуальный трансфер аэропорт - отель MERCEDES VITO (с гидом) (макс.5 чел.);5;01.01.2025;31.03.2027;95;EUR
Аэропорт-Отель;Аэропорт Antalya;Antalya;Индивидуальный трансфер делюкс микроавтобус (с гидом) (макс. 8 чел.);8;01.01.2025;31.03.2027;106;EUR
Аэропорт-Отель-Аэропорт ;Аэропорт Antalya;Antalya;Индивидуальный трансфер делюкс микроавтобус (с гидом) (макс. 8 чел.);8;01.01.2025;31.03.2027;211;EUR
Аэропорт-Отель;Аэропорт Antalya;Antalya;Индивидуальный трансфер делюкс микроавтобус (без гида) (макс. 8 чел.);8;01.01.2025;31.03.2027;88;EUR
Аэропорт-Отель-Аэропорт ;Аэропорт Antalya;Antalya;Индивидуальный трансфер делюкс микроавтобус (без гида) (макс. 8 чел.);8;01.01.2025;31.03.2027;176;EUR
Аэропорт-Отель;Аэропорт Antalya;Belek;Индивидуальный трансфер аэропорт - отель микроавтобус (без гида) (макс. 12 чел.);12;19.09.2024;31.03.2027;77;EUR
Аэропорт-Отель-Аэропорт ;Аэропорт Antalya;Belek;Индивидуальный трансфер микроавтобус (без гида) (макс. 12 чел.);12;19.09.2024;31.03.2027;154;EUR
Аэропорт-Отель;Аэропорт Antalya;Belek;Индивидуальный трансфер аэропорт - отель микроавтобус (с гидом) (макс. 12 чел.);12;01.01.2025;31.03.2027;95;EUR
Аэропорт-Отель-Аэропорт ;Аэропорт Antalya;Belek;Индивидуальный трансфер микроавтобус (с гидом) (макс. 12 чел.);12;01.01.2025;31.03.2027;190;EUR
Аэропорт-Отель;Аэропорт Antalya;Belek;Индивидуальный трансфер аэропорт - отель MERCEDES VITO (без гида) (макс.5 чел.);5;01.01.2025;31.03.2027;88;EUR
Аэропорт-Отель-Аэропорт ;Аэропорт Antalya;Belek;Индивидуальный трансфер MERCEDES VITO (без гида) (макс. 5 чел.);5;01.01.2025;31.10.2026;176;EUR
Аэропорт-Отель;Аэропорт Antalya;Belek;Индивидуальный трансфер аэропорт - отель MERCEDES VITO (с гидом) (макс.5 чел.);5;01.01.2025;31.03.2027;106;EUR
Аэропорт-Отель-Аэропорт ;Аэропорт Antalya;Belek;Индивидуальный трансфер MERCEDES VITO (с гидом) (макс. 5 чел.);5;01.01.2025;31.03.2027;211;EUR
Аэропорт-Отель-Аэропорт ;Аэропорт Antalya;Belek;Индивидуальный трансфер делюкс микроавтобус (без гида) (макс. 8 чел.);8;01.01.2025;31.03.2027;198;EUR
Аэропорт-Отель;Аэропорт Antalya;Belek;Индивидуальный трансфер делюкс микроавтобус (без гида) (макс. 8 чел.);8;01.01.2025;31.03.2027;99;EUR
Аэропорт-Отель-Аэропорт ;Аэропорт Antalya;Belek;Индивидуальный трансфер делюкс микроавтобус (с гидом) (макс. 8 чел.);8;01.01.2025;31.03.2027;234;EUR
Аэропорт-Отель;Аэропорт Antalya;Belek;Индивидуальный трансфер делюкс микроавтобус (с гидом) (макс. 8 чел.);8;01.01.2025;31.10.2026;117;EUR
Аэропорт-Отель-Аэропорт ;Аэропорт Antalya;Denizyaka;Индивидуальный трансфер микроавтобус (без гида) (макс. 12 чел.);12;01.01.2025;31.03.2027;177;EUR
Аэропорт-Отель;Аэропорт Antalya;Denizyaka;Индивидуальный трансфер аэропорт - отель микроавтобус (без гида) (макс. 12 чел.);12;01.01.2025;31.03.2027;88;EUR
Аэропорт-Отель;Аэропорт Antalya;Denizyaka;Индивидуальный трансфер аэропорт - отель микроавтобус (с гидом) (макс. 12 чел.);12;01.01.2025;31.03.2027;106;EUR
Аэропорт-Отель-Аэропорт ;Аэропорт Antalya;Denizyaka;Индивидуальный трансфер микроавтобус (с гидом) (макс. 12 чел.);12;01.01.2025;31.03.2027;211;EUR
Аэропорт-Отель-Аэропорт ;Аэропорт Antalya;Denizyaka;Индивидуальный трансфер MERCEDES VITO (без гида) (макс. 5 чел.);5;01.01.2025;31.03.2027;198;EUR
Аэропорт-Отель;Аэропорт Antalya;Denizyaka;Индивидуальный трансфер аэропорт - отель MERCEDES VITO (без гида) (макс.5 чел.);5;01.01.2025;31.03.2027;99;EUR
Аэропорт-Отель-Аэропорт ;Аэропорт Antalya;Denizyaka;Индивидуальный трансфер MERCEDES VITO (с гидом) (макс. 5 чел.);5;01.01.2025;31.03.2027;234;EUR
Аэропорт-Отель;Аэропорт Antalya;Denizyaka;Индивидуальный трансфер аэропорт - отель MERCEDES VITO (с гидом) (макс.5 чел.);5;01.01.2025;31.03.2027;117;EUR
Аэропорт-Отель-Аэропорт ;Аэропорт Antalya;Denizyaka;Индивидуальный трансфер делюкс микроавтобус (без гида) (макс. 8 чел.);8;01.01.2025;31.03.2027;220;EUR
Аэропорт-Отель;Аэропорт Antalya;Denizyaka;Индивидуальный трансфер делюкс микроавтобус (без гида) (макс. 8 чел.);8;01.01.2025;31.03.2027;110;EUR
Аэропорт-Отель;Аэропорт Antalya;Denizyaka;Индивидуальный трансфер делюкс микроавтобус (с гидом) (макс. 8 чел.);8;01.01.2025;31.03.2027;128;EUR
Аэропорт-Отель-Аэропорт ;Аэропорт Antalya;Denizyaka;Индивидуальный трансфер делюкс микроавтобус (с гидом) (макс. 8 чел.);8;01.01.2025;31.03.2027;256;EUR
Аэропорт-Отель-Аэропорт ;Аэропорт Antalya;Gundogdu;Индивидуальный трансфер микроавтобус (без гида) (макс. 12 чел.);12;01.01.2025;31.10.2026;176;EUR
Аэропорт-Отель-Аэропорт ;Аэропорт Antalya;Colakli;Индивидуальный трансфер микроавтобус (без гида) (макс. 12 чел.);12;01.01.2025;31.10.2026;176;EUR
Аэропорт-Отель-Аэропорт ;Аэропорт Antalya;Evrenseki;Индивидуальный трансфер микроавтобус (без гида) (макс. 12 чел.);12;01.01.2025;31.10.2026;176;EUR
Аэропорт-Отель-Аэропорт ;Аэропорт Antalya;Kumkoy;Индивидуальный трансфер микроавтобус (без гида) (макс. 12 чел.);12;01.01.2025;31.10.2026;176;EUR
Аэропорт-Отель-Аэропорт ;Аэропорт Antalya;Manavgat;Индивидуальный трансфер микроавтобус (без гида) (макс. 12 чел.);12;01.01.2025;31.10.2026;176;EUR
Аэропорт-Отель-Аэропорт ;Аэропорт Antalya;Side;Индивидуальный трансфер микроавтобус (без гида) (макс. 12 чел.);12;01.01.2025;31.10.2026;176;EUR
Аэропорт-Отель-Аэропорт ;Аэропорт Antalya;Sorgun;Индивидуальный трансфер микроавтобус (без гида) (макс. 12 чел.);12;01.01.2025;31.10.2026;176;EUR
Аэропорт-Отель-Аэропорт ;Аэропорт Antalya;Titreyengol;Индивидуальный трансфер микроавтобус (без гида) (макс. 12 чел.);12;01.01.2025;31.10.2026;176;EUR
Аэропорт-Отель;Аэропорт Antalya;Gundogdu;Индивидуальный трансфер аэропорт - отель микроавтобус (без гида) (макс. 12 чел.);12;01.01.2025;31.10.2026;88;EUR
Аэропорт-Отель;Аэропорт Antalya;Colakli;Индивидуальный трансфер аэропорт - отель микроавтобус (без гида) (макс. 12 чел.);12;01.01.2025;31.10.2026;88;EUR
Аэропорт-Отель;Аэропорт Antalya;Evrenseki;Индивидуальный трансфер аэропорт - отель микроавтобус (без гида) (макс. 12 чел.);12;01.01.2025;31.10.2026;88;EUR
Аэропорт-Отель;Аэропорт Antalya;Kumkoy;Индивидуальный трансфер аэропорт - отель микроавтобус (без гида) (макс. 12 чел.);12;01.01.2025;31.10.2026;88;EUR
Аэропорт-Отель;Аэропорт Antalya;Manavgat;Индивидуальный трансфер аэропорт - отель микроавтобус (без гида) (макс. 12 чел.);12;01.01.2025;31.10.2026;88;EUR
Аэропорт-Отель;Аэропорт Antalya;Side;Индивидуальный трансфер аэропорт - отель микроавтобус (без гида) (макс. 12 чел.);12;01.01.2025;31.10.2026;88;EUR
Аэропорт-Отель;Аэропорт Antalya;Sorgun;Индивидуальный трансфер аэропорт - отель микроавтобус (без гида) (макс. 12 чел.);12;01.01.2025;31.10.2026;88;EUR
Аэропорт-Отель;Аэропорт Antalya;Titreyengol;Индивидуальный трансфер аэропорт - отель микроавтобус (без гида) (макс. 12 чел.);12;01.01.2025;31.10.2026;88;EUR
Аэропорт-Отель-Аэропорт ;Аэропорт Antalya;Gundogdu;Индивидуальный трансфер микроавтобус (с гидом) (макс. 12 чел.);12;01.01.2025;31.10.2026;211;EUR
Аэропорт-Отель-Аэропорт ;Аэропорт Antalya;Colakli;Индивидуальный трансфер микроавтобус (с гидом) (макс. 12 чел.);12;01.01.2025;31.10.2026;211;EUR
Аэропорт-Отель-Аэропорт ;Аэропорт Antalya;Evrenseki;Индивидуальный трансфер микроавтобус (с гидом) (макс. 12 чел.);12;01.01.2025;31.10.2026;211;EUR
Аэропорт-Отель-Аэропорт ;Аэропорт Antalya;Kumkoy;Индивидуальный трансфер микроавтобус (с гидом) (макс. 12 чел.);12;01.01.2025;31.10.2026;211;EUR
Аэропорт-Отель-Аэропорт ;Аэропорт Antalya;Manavgat;Индивидуальный трансфер микроавтобус (с гидом) (макс. 12 чел.);12;01.01.2025;31.10.2026;211;EUR
Аэропорт-Отель-Аэропорт ;Аэропорт Antalya;Side;Индивидуальный трансфер микроавтобус (с гидом) (макс. 12 чел.);12;01.01.2025;31.10.2026;211;EUR
Аэропорт-Отель-Аэропорт ;Аэропорт Antalya;Sorgun;Индивидуальный трансфер микроавтобус (с гидом) (макс. 12 чел.);12;01.01.2025;31.10.2026;211;EUR
Аэропорт-Отель-Аэропорт ;Аэропорт Antalya;Titreyengol;Индивидуальный трансфер микроавтобус (с гидом) (макс. 12 чел.);12;01.01.2025;31.10.2026;211;EUR
Аэропорт-Отель;Аэропорт Antalya;Gundogdu;Индивидуальный трансфер аэропорт - отель микроавтобус (с гидом) (макс. 12 чел.);12;01.01.2025;31.10.2026;106;EUR
Аэропорт-Отель;Аэропорт Antalya;Colakli;Индивидуальный трансфер аэропорт - отель микроавтобус (с гидом) (макс. 12 чел.);12;01.01.2025;31.10.2026;106;EUR
Аэропорт-Отель;Аэропорт Antalya;Evrenseki;Индивидуальный трансфер аэропорт - отель микроавтобус (с гидом) (макс. 12 чел.);12;01.01.2025;31.10.2026;106;EUR
Аэропорт-Отель;Аэропорт Antalya;Kumkoy;Индивидуальный трансфер аэропорт - отель микроавтобус (с гидом) (макс. 12 чел.);12;01.01.2025;31.10.2026;106;EUR
Аэропорт-Отель;Аэропорт Antalya;Manavgat;Индивидуальный трансфер аэропорт - отель микроавтобус (с гидом) (макс. 12 чел.);12;01.01.2025;31.10.2026;106;EUR
Аэропорт-Отель;Аэропорт Antalya;Side;Индивидуальный трансфер аэропорт - отель микроавтобус (с гидом) (макс. 12 чел.);12;01.01.2025;31.10.2026;106;EUR
Аэропорт-Отель;Аэропорт Antalya;Sorgun;Индивидуальный трансфер аэропорт - отель микроавтобус (с гидом) (макс. 12 чел.);12;01.01.2025;31.10.2026;106;EUR
Аэропорт-Отель;Аэропорт Antalya;Titreyengol;Индивидуальный трансфер аэропорт - отель микроавтобус (с гидом) (макс. 12 чел.);12;01.01.2025;31.10.2026;106;EUR
Аэропорт-Отель-Аэропорт ;Аэропорт Antalya;Gundogdu;Индивидуальный трансфер MERCEDES VITO (без гида) (макс. 5 чел.);5;01.01.2025;31.10.2026;198;EUR
Аэропорт-Отель-Аэропорт ;Аэропорт Antalya;Colakli;Индивидуальный трансфер MERCEDES VITO (без гида) (макс. 5 чел.);5;01.01.2025;31.10.2026;198;EUR
Аэропорт-Отель-Аэропорт ;Аэропорт Antalya;Evrenseki;Индивидуальный трансфер MERCEDES VITO (без гида) (макс. 5 чел.);5;01.01.2025;31.10.2026;198;EUR
Аэропорт-Отель-Аэропорт ;Аэропорт Antalya;Kumkoy;Индивидуальный трансфер MERCEDES VITO (без гида) (макс. 5 чел.);5;01.01.2025;31.10.2026;198;EUR
Аэропорт-Отель-Аэропорт ;Аэропорт Antalya;Manavgat;Индивидуальный трансфер MERCEDES VITO (без гида) (макс. 5 чел.);5;01.01.2025;31.10.2026;198;EUR
Аэропорт-Отель-Аэропорт ;Аэропорт Antalya;Side;Индивидуальный трансфер MERCEDES VITO (без гида) (макс. 5 чел.);5;01.01.2025;31.10.2026;198;EUR
Аэропорт-Отель-Аэропорт ;Аэропорт Antalya;Sorgun;Индивидуальный трансфер MERCEDES VITO (без гида) (макс. 5 чел.);5;01.01.2025;31.10.2026;198;EUR
Аэропорт-Отель-Аэропорт ;Аэропорт Antalya;Titreyengol;Индивидуальный трансфер MERCEDES VITO (без гида) (макс. 5 чел.);5;01.01.2025;31.10.2026;198;EUR
Аэропорт-Отель;Аэропорт Antalya;Gundogdu;Индивидуальный трансфер аэропорт - отель MERCEDES VITO (без гида) (макс.5 чел.);5;01.01.2025;31.10.2026;99;EUR
Аэропорт-Отель;Аэропорт Antalya;Colakli;Индивидуальный трансфер аэропорт - отель MERCEDES VITO (без гида) (макс.5 чел.);5;01.01.2025;31.10.2026;99;EUR
Аэропорт-Отель;Аэропорт Antalya;Evrenseki;Индивидуальный трансфер аэропорт - отель MERCEDES VITO (без гида) (макс.5 чел.);5;01.01.2025;31.10.2026;99;EUR
Аэропорт-Отель;Аэропорт Antalya;Kumkoy;Индивидуальный трансфер аэропорт - отель MERCEDES VITO (без гида) (макс.5 чел.);5;01.01.2025;31.10.2026;99;EUR
Аэропорт-Отель;Аэропорт Antalya;Manavgat;Индивидуальный трансфер аэропорт - отель MERCEDES VITO (без гида) (макс.5 чел.);5;01.01.2025;31.10.2026;99;EUR
Аэропорт-Отель;Аэропорт Antalya;Side;Индивидуальный трансфер аэропорт - отель MERCEDES VITO (без гида) (макс.5 чел.);5;01.01.2025;31.10.2026;99;EUR
Аэропорт-Отель;Аэропорт Antalya;Sorgun;Индивидуальный трансфер аэропорт - отель MERCEDES VITO (без гида) (макс.5 чел.);5;01.01.2025;31.10.2026;99;EUR
Аэропорт-Отель;Аэропорт Antalya;Titreyengol;Индивидуальный трансфер аэропорт - отель MERCEDES VITO (без гида) (макс.5 чел.);5;01.01.2025;31.10.2026;99;EUR
Аэропорт-Отель-Аэропорт ;Аэропорт Antalya;Gundogdu;Индивидуальный трансфер MERCEDES VITO (с гидом) (макс. 5 чел.);5;01.01.2025;31.10.2026;234;EUR
Аэропорт-Отель-Аэропорт ;Аэропорт Antalya;Colakli;Индивидуальный трансфер MERCEDES VITO (с гидом) (макс. 5 чел.);5;01.01.2025;31.10.2026;234;EUR
Аэропорт-Отель-Аэропорт ;Аэропорт Antalya;Evrenseki;Индивидуальный трансфер MERCEDES VITO (с гидом) (макс. 5 чел.);5;01.01.2025;31.10.2026;234;EUR
Аэропорт-Отель-Аэропорт ;Аэропорт Antalya;Kumkoy;Индивидуальный трансфер MERCEDES VITO (с гидом) (макс. 5 чел.);5;01.01.2025;31.10.2026;234;EUR
Аэропорт-Отель-Аэропорт ;Аэропорт Antalya;Manavgat;Индивидуальный трансфер MERCEDES VITO (с гидом) (макс. 5 чел.);5;01.01.2025;31.10.2026;234;EUR
Аэропорт-Отель-Аэропорт ;Аэропорт Antalya;Side;Индивидуальный трансфер MERCEDES VITO (с гидом) (макс. 5 чел.);5;01.01.2025;31.10.2026;234;EUR
Аэропорт-Отель-Аэропорт ;Аэропорт Antalya;Sorgun;Индивидуальный трансфер MERCEDES VITO (с гидом) (макс. 5 чел.);5;01.01.2025;31.10.2026;234;EUR
Аэропорт-Отель-Аэропорт ;Аэропорт Antalya;Titreyengol;Индивидуальный трансфер MERCEDES VITO (с гидом) (макс. 5 чел.);5;01.01.2025;31.10.2026;234;EUR
Аэропорт-Отель;Аэропорт Antalya;Gundogdu;Индивидуальный трансфер аэропорт - отель MERCEDES VITO (с гидом) (макс.5 чел.);5;01.01.2025;31.10.2026;117;EUR
Аэропорт-Отель;Аэропорт Antalya;Colakli;Индивидуальный трансфер аэропорт - отель MERCEDES VITO (с гидом) (макс.5 чел.);5;01.01.2025;31.10.2026;117;EUR
Аэропорт-Отель;Аэропорт Antalya;Evrenseki;Индивидуальный трансфер аэропорт - отель MERCEDES VITO (с гидом) (макс.5 чел.);5;01.01.2025;31.10.2026;117;EUR
Аэропорт-Отель;Аэропорт Antalya;Kumkoy;Индивидуальный трансфер аэропорт - отель MERCEDES VITO (с гидом) (макс.5 чел.);5;01.01.2025;31.10.2026;117;EUR
Аэропорт-Отель;Аэропорт Antalya;Manavgat;Индивидуальный трансфер аэропорт - отель MERCEDES VITO (с гидом) (макс.5 чел.);5;01.01.2025;31.10.2026;117;EUR
Аэропорт-Отель;Аэропорт Antalya;Side;Индивидуальный трансфер аэропорт - отель MERCEDES VITO (с гидом) (макс.5 чел.);5;01.01.2025;31.10.2026;117;EUR
Аэропорт-Отель;Аэропорт Antalya;Sorgun;Индивидуальный трансфер аэропорт - отель MERCEDES VITO (с гидом) (макс.5 чел.);5;01.01.2025;31.10.2026;117;EUR
Аэропорт-Отель;Аэропорт Antalya;Titreyengol;Индивидуальный трансфер аэропорт - отель MERCEDES VITO (с гидом) (макс.5 чел.);5;01.01.2025;31.10.2026;117;EUR
Аэропорт-Отель-Аэропорт ;Аэропорт Antalya;Side;Индивидуальный трансфер делюкс микроавтобус (без гида) (макс. 8 чел.);8;01.01.2025;31.10.2026;220;EUR
Аэропорт-Отель-Аэропорт ;Аэропорт Antalya;Kumkoy;Индивидуальный трансфер делюкс микроавтобус (без гида) (макс. 8 чел.);8;01.01.2025;31.10.2026;220;EUR
Аэропорт-Отель-Аэропорт ;Аэропорт Antalya;Manavgat;Индивидуальный трансфер делюкс микроавтобус (без гида) (макс. 8 чел.);8;01.01.2025;31.10.2026;220;EUR
Аэропорт-Отель-Аэропорт ;Аэропорт Antalya;Sorgun;Индивидуальный трансфер делюкс микроавтобус (без гида) (макс. 8 чел.);8;01.01.2025;31.10.2026;220;EUR
Аэропорт-Отель-Аэропорт ;Аэропорт Antalya;Titreyengol;Индивидуальный трансфер делюкс микроавтобус (без гида) (макс. 8 чел.);8;01.01.2025;31.10.2026;220;EUR
Аэропорт-Отель-Аэропорт ;Аэропорт Antalya;Colakli;Индивидуальный трансфер делюкс микроавтобус (без гида) (макс. 8 чел.);8;01.01.2025;31.10.2026;220;EUR
Аэропорт-Отель-Аэропорт ;Аэропорт Antalya;Evrenseki;Индивидуальный трансфер делюкс микроавтобус (без гида) (макс. 8 чел.);8;01.01.2025;31.10.2026;220;EUR
Аэропорт-Отель-Аэропорт ;Аэропорт Antalya;Gundogdu;Индивидуальный трансфер делюкс микроавтобус (без гида) (макс. 8 чел.);8;01.01.2025;31.10.2026;220;EUR
Аэропорт-Отель;Аэропорт Antalya;Side;Индивидуальный трансфер делюкс микроавтобус (без гида) (макс. 8 чел.);8;01.01.2025;31.10.2026;110;EUR
Аэропорт-Отель;Аэропорт Antalya;Kumkoy;Индивидуальный трансфер делюкс микроавтобус (без гида) (макс. 8 чел.);8;01.01.2025;31.10.2026;110;EUR
Аэропорт-Отель;Аэропорт Antalya;Manavgat;Индивидуальный трансфер делюкс микроавтобус (без гида) (макс. 8 чел.);8;01.01.2025;31.10.2026;110;EUR
Аэропорт-Отель;Аэропорт Antalya;Sorgun;Индивидуальный трансфер делюкс микроавтобус (без гида) (макс. 8 чел.);8;01.01.2025;31.10.2026;110;EUR
Аэропорт-Отель;Аэропорт Antalya;Titreyengol;Индивидуальный трансфер делюкс микроавтобус (без гида) (макс. 8 чел.);8;01.01.2025;31.10.2026;110;EUR
Аэропорт-Отель;Аэропорт Antalya;Colakli;Индивидуальный трансфер делюкс микроавтобус (без гида) (макс. 8 чел.);8;01.01.2025;31.10.2026;110;EUR
Аэропорт-Отель;Аэропорт Antalya;Evrenseki;Индивидуальный трансфер делюкс микроавтобус (без гида) (макс. 8 чел.);8;01.01.2025;31.10.2026;110;EUR
Аэропорт-Отель;Аэропорт Antalya;Gundogdu;Индивидуальный трансфер делюкс микроавтобус (без гида) (макс. 8 чел.);8;01.01.2025;31.10.2026;110;EUR
Аэропорт-Отель-Аэропорт ;Аэропорт Antalya;Side;Индивидуальный трансфер делюкс микроавтобус (с гидом) (макс. 8 чел.);8;01.01.2025;31.10.2026;256;EUR
Аэропорт-Отель-Аэропорт ;Аэропорт Antalya;Kumkoy;Индивидуальный трансфер делюкс микроавтобус (с гидом) (макс. 8 чел.);8;01.01.2025;31.10.2026;256;EUR
Аэропорт-Отель-Аэропорт ;Аэропорт Antalya;Manavgat;Индивидуальный трансфер делюкс микроавтобус (с гидом) (макс. 8 чел.);8;01.01.2025;31.10.2026;256;EUR
Аэропорт-Отель-Аэропорт ;Аэропорт Antalya;Sorgun;Индивидуальный трансфер делюкс микроавтобус (с гидом) (макс. 8 чел.);8;01.01.2025;31.10.2026;256;EUR
Аэропорт-Отель-Аэропорт ;Аэропорт Antalya;Titreyengol;Индивидуальный трансфер делюкс микроавтобус (с гидом) (макс. 8 чел.);8;01.01.2025;31.10.2026;256;EUR
Аэропорт-Отель-Аэропорт ;Аэропорт Antalya;Colakli;Индивидуальный трансфер делюкс микроавтобус (с гидом) (макс. 8 чел.);8;01.01.2025;31.10.2026;256;EUR
Аэропорт-Отель-Аэропорт ;Аэропорт Antalya;Evrenseki;Индивидуальный трансфер делюкс микроавтобус (с гидом) (макс. 8 чел.);8;01.01.2025;31.10.2026;256;EUR
Аэропорт-Отель-Аэропорт ;Аэропорт Antalya;Gundogdu;Индивидуальный трансфер делюкс микроавтобус (с гидом) (макс. 8 чел.);8;01.01.2025;31.10.2026;256;EUR
Аэропорт-Отель;Аэропорт Antalya;Side;Индивидуальный трансфер делюкс микроавтобус (с гидом) (макс. 8 чел.);8;01.01.2025;31.10.2026;128;EUR
Аэропорт-Отель;Аэропорт Antalya;Kumkoy;Индивидуальный трансфер делюкс микроавтобус (с гидом) (макс. 8 чел.);8;01.01.2025;31.10.2026;128;EUR
Аэропорт-Отель;Аэропорт Antalya;Manavgat;Индивидуальный трансфер делюкс микроавтобус (с гидом) (макс. 8 чел.);8;01.01.2025;31.10.2026;128;EUR
Аэропорт-Отель;Аэропорт Antalya;Sorgun;Индивидуальный трансфер делюкс микроавтобус (с гидом) (макс. 8 чел.);8;01.01.2025;31.10.2026;128;EUR
Аэропорт-Отель;Аэропорт Antalya;Titreyengol;Индивидуальный трансфер делюкс микроавтобус (с гидом) (макс. 8 чел.);8;01.01.2025;31.10.2026;128;EUR
Аэропорт-Отель;Аэропорт Antalya;Colakli;Индивидуальный трансфер делюкс микроавтобус (с гидом) (макс. 8 чел.);8;01.01.2025;31.10.2026;128;EUR
Аэропорт-Отель;Аэропорт Antalya;Evrenseki;Индивидуальный трансфер делюкс микроавтобус (с гидом) (макс. 8 чел.);8;01.01.2025;31.10.2026;128;EUR
Аэропорт-Отель;Аэропорт Antalya;Gundogdu;Индивидуальный трансфер делюкс микроавтобус (с гидом) (макс. 8 чел.);8;01.01.2025;31.10.2026;128;EUR
Аэропорт-Отель;Аэропорт Antalya;Adrasan;Индивидуальный трансфер аэропорт - отель микроавтобус (без гида) (макс. 12 чел.);12;01.01.2024;31.10.2026;133;EUR
Аэропорт-Отель-Аэропорт ;Аэропорт Antalya;Adrasan;Индивидуальный трансфер микроавтобус (без гида) (макс. 12 чел.);12;01.01.2024;31.10.2026;265;EUR
Аэропорт-Отель;Аэропорт Antalya;Olympos;Индивидуальный трансфер аэропорт - отель микроавтобус (без гида) (макс. 12 чел.);12;01.01.2024;31.03.2027;133;EUR
Аэропорт-Отель-Аэропорт ;Аэропорт Antalya;Olympos;Индивидуальный трансфер микроавтобус (без гида) (макс. 12 чел.);12;01.01.2024;31.03.2027;265;EUR
Аэропорт-Отель;Аэропорт Antalya;Cirali;Индивидуальный трансфер аэропорт - отель микроавтобус (без гида) (макс. 12 чел.);12;01.01.2024;31.10.2026;133;EUR
Аэропорт-Отель-Аэропорт ;Аэропорт Antalya;Cirali;Индивидуальный трансфер микроавтобус (без гида) (макс. 12 чел.);12;01.01.2024;31.10.2026;265;EUR
Аэропорт-Отель;Аэропорт Antalya;Kas;Индивидуальный трансфер аэропорт - отель микроавтобус (без гида) (макс. 12 чел.);12;01.01.2024;31.03.2027;277;EUR
Аэропорт-Отель-Аэропорт ;Аэропорт Antalya;Kas;Индивидуальный трансфер микроавтобус (без гида) (макс. 12 чел.);12;01.01.2024;31.03.2027;553;EUR
Аэропорт-Отель;Аэропорт Antalya;Kas;Индивидуальный трансфер аэропорт - отель MERCEDES VITO (без гида) (макс.5 чел.);5;01.01.2024;31.03.2027;288;EUR
Аэропорт-Отель-Аэропорт ;Аэропорт Antalya;Kas;Индивидуальный трансфер MERCEDES VITO (без гида) (макс. 5 чел.);5;01.01.2024;31.03.2027;575;EUR
Аэропорт-Отель;Аэропорт Antalya;Kas;Индивидуальный трансфер делюкс микроавтобус (без гида) (макс. 8 чел.);8;01.01.2024;31.03.2027;299;EUR
Аэропорт-Отель-Аэропорт ;Аэропорт Antalya;Kas;Индивидуальный трансфер делюкс микроавтобус (без гида) (макс. 8 чел.);8;01.01.2024;31.03.2027;598;EUR
Аэропорт-Отель;Аэропорт Antalya;Cirali;Индивидуальный трансфер аэропорт - отель MERCEDES VITO (без гида) (макс.5 чел.);5;01.01.2024;31.10.2026;144;EUR
Аэропорт-Отель-Аэропорт ;Аэропорт Antalya;Cirali;Индивидуальный трансфер MERCEDES VITO (без гида) (макс. 5 чел.);5;01.01.2024;31.10.2026;287;EUR
Аэропорт-Отель;Аэропорт Antalya;Cirali;Индивидуальный трансфер делюкс микроавтобус (без гида) (макс. 8 чел.);8;01.01.2024;31.10.2026;155;EUR
Аэропорт-Отель-Аэропорт ;Аэропорт Antalya;Cirali;Индивидуальный трансфер делюкс микроавтобус (без гида) (макс. 8 чел.);8;01.01.2024;31.10.2026;309;EUR
Аэропорт-Отель;Аэропорт Antalya;Adrasan;Индивидуальный трансфер аэропорт - отель MERCEDES VITO (без гида) (макс.5 чел.);5;01.01.2024;31.10.2026;144;EUR
Аэропорт-Отель-Аэропорт ;Аэропорт Antalya;Adrasan;Индивидуальный трансфер MERCEDES VITO (без гида) (макс. 5 чел.);5;01.01.2024;31.10.2026;287;EUR
Аэропорт-Отель;Аэропорт Antalya;Olympos;Индивидуальный трансфер аэропорт - отель MERCEDES VITO (без гида) (макс.5 чел.);5;01.01.2024;31.03.2027;144;EUR
Аэропорт-Отель-Аэропорт ;Аэропорт Antalya;Olympos;Индивидуальный трансфер MERCEDES VITO (без гида) (макс. 5 чел.);5;01.01.2024;31.03.2027;287;EUR
Аэропорт-Отель;Аэропорт Antalya;Olympos;Индивидуальный трансфер делюкс микроавтобус (без гида) (макс. 8 чел.);8;01.01.2024;31.03.2027;155;EUR
Аэропорт-Отель;Аэропорт Antalya;Adrasan;Индивидуальный трансфер делюкс микроавтобус (без гида) (макс. 8 чел.);8;01.01.2024;31.10.2026;155;EUR
Аэропорт-Отель-Аэропорт ;Аэропорт Antalya;Olympos;Индивидуальный трансфер делюкс микроавтобус (без гида) (макс. 8 чел.);8;01.01.2024;31.03.2027;309;EUR
Аэропорт-Отель-Аэропорт ;Аэропорт Antalya;Adrasan;Индивидуальный трансфер делюкс микроавтобус (без гида) (макс. 8 чел.);8;01.01.2024;31.10.2026;309;EUR
Аэропорт-Отель;Аэропорт Antalya;Demre;Индивидуальный трансфер аэропорт - отель микроавтобус (без гида) (макс. 12 чел.);12;01.01.2024;31.10.2026;255;EUR
Аэропорт-Отель-Аэропорт ;Аэропорт Antalya;Demre;Индивидуальный трансфер микроавтобус (без гида) (макс. 12 чел.);12;01.01.2024;31.10.2026;509;EUR
Аэропорт-Отель;Аэропорт Antalya;Finike;Индивидуальный трансфер аэропорт - отель микроавтобус (без гида) (макс. 12 чел.);12;01.01.2024;31.03.2027;177;EUR
Аэропорт-Отель-Аэропорт ;Аэропорт Antalya;Finike;Индивидуальный трансфер микроавтобус (без гида) (макс. 12 чел.);12;01.01.2024;31.03.2027;353;EUR
Аэропорт-Отель;Аэропорт Antalya;Finike;Индивидуальный трансфер аэропорт - отель микроавтобус (с гидом) (макс. 12 чел.);12;01.01.2024;31.03.2027;195;EUR
Аэропорт-Отель-Аэропорт ;Аэропорт Antalya;Finike;Индивидуальный трансфер микроавтобус (с гидом) (макс. 12 чел.);12;01.01.2024;31.03.2027;389;EUR
Аэропорт-Отель;Аэропорт Antalya;Finike;Индивидуальный трансфер делюкс микроавтобус (без гида) (макс. 8 чел.);8;01.01.2024;31.03.2027;199;EUR
Аэропорт-Отель-Аэропорт ;Аэропорт Antalya;Finike;Индивидуальный трансфер делюкс микроавтобус (без гида) (макс. 8 чел.);8;01.01.2024;31.03.2027;398;EUR
Аэропорт-Отель;Аэропорт Antalya;Finike;Индивидуальный трансфер делюкс микроавтобус (с гидом) (макс. 8 чел.);8;01.01.2024;31.03.2027;217;EUR
Аэропорт-Отель-Аэропорт ;Аэропорт Antalya;Finike;Индивидуальный трансфер делюкс микроавтобус (с гидом) (макс. 8 чел.);8;01.01.2024;31.03.2027;433;EUR
Аэропорт-Отель;Аэропорт Antalya;Finike;Индивидуальный трансфер аэропорт - отель MERCEDES VITO (без гида) (макс.5 чел.);5;01.01.2024;31.03.2027;188;EUR
Аэропорт-Отель-Аэропорт ;Аэропорт Antalya;Finike;Индивидуальный трансфер MERCEDES VITO (без гида) (макс. 5 чел.);5;01.01.2024;31.03.2027;376;EUR
Аэропорт-Отель;Аэропорт Antalya;Finike;Индивидуальный трансфер аэропорт - отель MERCEDES VITO (с гидом) (макс.5 чел.);5;01.01.2024;31.03.2027;206;EUR
Аэропорт-Отель-Аэропорт ;Аэропорт Antalya;Finike;Индивидуальный трансфер MERCEDES VITO (с гидом) (макс. 5 чел.);5;01.01.2024;31.03.2027;411;EUR
Аэропорт-Отель;Аэропорт Antalya;Demre;Индивидуальный трансфер аэропорт - отель MERCEDES VITO (без гида) (макс.5 чел.);5;01.01.2024;31.10.2026;266;EUR
Аэропорт-Отель-Аэропорт ;Аэропорт Antalya;Demre;Индивидуальный трансфер MERCEDES VITO (без гида) (макс. 5 чел.);5;01.01.2024;31.10.2026;531;EUR
Аэропорт-Отель;Аэропорт Antalya;Demre;Индивидуальный трансфер делюкс микроавтобус (без гида) (макс. 8 чел.);8;01.01.2024;31.10.2026;277;EUR
Аэропорт-Отель-Аэропорт ;Аэропорт Antalya;Demre;Индивидуальный трансфер делюкс микроавтобус (без гида) (макс. 8 чел.);8;01.01.2024;31.10.2026;553;EUR
Аэропорт-Отель-Аэропорт ;Аэропорт Antalya;Kizilagac;Индивидуальный трансфер микроавтобус (с гидом) (макс. 12 чел.);12;01.01.2025;31.03.2027;234;EUR
Аэропорт-Отель-Аэропорт ;Аэропорт Antalya;Kizilot;Индивидуальный трансфер микроавтобус (с гидом) (макс. 12 чел.);12;01.01.2025;31.03.2027;234;EUR
Аэропорт-Отель-Аэропорт ;Аэропорт Antalya;Cenger;Индивидуальный трансфер микроавтобус (с гидом) (макс. 12 чел.);12;01.01.2025;31.03.2027;234;EUR
Аэропорт-Отель-Аэропорт ;Аэропорт Antalya;Kizilagac;Индивидуальный трансфер микроавтобус (без гида) (макс. 12 чел.);12;01.01.2025;31.03.2027;198;EUR
Аэропорт-Отель-Аэропорт ;Аэропорт Antalya;Kizilot;Индивидуальный трансфер микроавтобус (без гида) (макс. 12 чел.);12;01.01.2025;31.03.2027;198;EUR
Аэропорт-Отель-Аэропорт ;Аэропорт Antalya;Cenger;Индивидуальный трансфер микроавтобус (без гида) (макс. 12 чел.);12;01.01.2025;31.03.2027;198;EUR
Аэропорт-Отель-Аэропорт ;Аэропорт Antalya;Kizilagac;Индивидуальный трансфер делюкс микроавтобус (без гида) (макс. 8 чел.);8;01.01.2025;31.03.2027;242;EUR
Аэропорт-Отель-Аэропорт ;Аэропорт Antalya;Kizilagac;Индивидуальный трансфер делюкс микроавтобус (с гидом) (макс. 8 чел.);8;01.01.2025;31.03.2027;278;EUR
Аэропорт-Отель-Аэропорт ;Аэропорт Antalya;Kizilot;Индивидуальный трансфер делюкс микроавтобус (без гида) (макс. 8 чел.);8;01.01.2025;31.03.2027;242;EUR
Аэропорт-Отель-Аэропорт ;Аэропорт Antalya;Kizilot;Индивидуальный трансфер делюкс микроавтобус (с гидом) (макс. 8 чел.);8;01.01.2025;31.03.2027;278;EUR
Аэропорт-Отель-Аэропорт ;Аэропорт Antalya;Cenger;Индивидуальный трансфер делюкс микроавтобус (без гида) (макс. 8 чел.);8;01.01.2025;31.03.2027;242;EUR
Аэропорт-Отель-Аэропорт ;Аэропорт Antalya;Cenger;Индивидуальный трансфер делюкс микроавтобус (с гидом) (макс. 8 чел.);8;01.01.2025;31.03.2027;278;EUR
Аэропорт-Отель-Аэропорт ;Аэропорт Antalya;Kizilagac;Индивидуальный трансфер MERCEDES VITO (с гидом) (макс. 5 чел.);5;01.01.2025;31.03.2027;256;EUR
Аэропорт-Отель-Аэропорт ;Аэропорт Antalya;Kizilot;Индивидуальный трансфер MERCEDES VITO (с гидом) (макс. 5 чел.);5;01.01.2025;31.03.2027;256;EUR
Аэропорт-Отель-Аэропорт ;Аэропорт Antalya;Cenger;Индивидуальный трансфер MERCEDES VITO (с гидом) (макс. 5 чел.);5;01.01.2025;31.03.2027;256;EUR
Аэропорт-Отель-Аэропорт ;Аэропорт Antalya;Kizilagac;Индивидуальный трансфер MERCEDES VITO (без гида) (макс. 5 чел.);5;01.01.2025;31.03.2027;220;EUR
Аэропорт-Отель-Аэропорт ;Аэропорт Antalya;Kizilot;Индивидуальный трансфер MERCEDES VITO (без гида) (макс. 5 чел.);5;01.01.2025;31.03.2027;220;EUR
Аэропорт-Отель-Аэропорт ;Аэропорт Antalya;Cenger;Индивидуальный трансфер MERCEDES VITO (без гида) (макс. 5 чел.);5;01.01.2025;31.03.2027;220;EUR
Аэропорт-Отель;Аэропорт Antalya;Kizilagac;Индивидуальный трансфер аэропорт - отель микроавтобус (с гидом) (макс. 12 чел.);12;01.01.2025;31.03.2027;117;EUR
Аэропорт-Отель;Аэропорт Antalya;Kizilot;Индивидуальный трансфер аэропорт - отель микроавтобус (с гидом) (макс. 12 чел.);12;01.01.2025;31.03.2027;117;EUR
Аэропорт-Отель;Аэропорт Antalya;Cenger;Индивидуальный трансфер аэропорт - отель микроавтобус (с гидом) (макс. 12 чел.);12;01.01.2025;31.03.2027;117;EUR
Аэропорт-Отель;Аэропорт Antalya;Kizilagac;Индивидуальный трансфер аэропорт - отель микроавтобус (без гида) (макс. 12 чел.);12;01.01.2025;31.03.2027;99;EUR
Аэропорт-Отель;Аэропорт Antalya;Kizilot;Индивидуальный трансфер аэропорт - отель микроавтобус (без гида) (макс. 12 чел.);12;01.01.2025;31.03.2027;99;EUR
Аэропорт-Отель;Аэропорт Antalya;Cenger;Индивидуальный трансфер аэропорт - отель микроавтобус (без гида) (макс. 12 чел.);12;01.01.2025;31.03.2027;99;EUR
Аэропорт-Отель;Аэропорт Antalya;Kizilagac;Индивидуальный трансфер делюкс микроавтобус (без гида) (макс. 8 чел.);8;01.01.2025;31.03.2027;121;EUR
Аэропорт-Отель;Аэропорт Antalya;Kizilagac;Индивидуальный трансфер делюкс микроавтобус (с гидом) (макс. 8 чел.);8;01.01.2025;31.03.2027;139;EUR
Аэропорт-Отель;Аэропорт Antalya;Kizilot;Индивидуальный трансфер делюкс микроавтобус (без гида) (макс. 8 чел.);8;01.01.2025;31.03.2027;121;EUR
Аэропорт-Отель;Аэропорт Antalya;Kizilot;Индивидуальный трансфер делюкс микроавтобус (с гидом) (макс. 8 чел.);8;01.01.2025;31.03.2027;139;EUR
Аэропорт-Отель;Аэропорт Antalya;Cenger;Индивидуальный трансфер делюкс микроавтобус (без гида) (макс. 8 чел.);8;01.01.2025;31.03.2027;121;EUR
Аэропорт-Отель;Аэропорт Antalya;Cenger;Индивидуальный трансфер делюкс микроавтобус (с гидом) (макс. 8 чел.);8;01.01.2025;31.03.2027;139;EUR
Аэропорт-Отель;Аэропорт Antalya;Kizilagac;Индивидуальный трансфер аэропорт - отель MERCEDES VITO (с гидом) (макс.5 чел.);5;01.01.2025;31.03.2027;128;EUR
Аэропорт-Отель;Аэропорт Antalya;Kizilot;Индивидуальный трансфер аэропорт - отель MERCEDES VITO (с гидом) (макс.5 чел.);5;01.01.2025;31.03.2027;128;EUR
Аэропорт-Отель;Аэропорт Antalya;Cenger;Индивидуальный трансфер аэропорт - отель MERCEDES VITO (с гидом) (макс.5 чел.);5;01.01.2025;31.03.2027;128;EUR
Аэропорт-Отель;Аэропорт Antalya;Kizilagac;Индивидуальный трансфер аэропорт - отель MERCEDES VITO (без гида) (макс.5 чел.);5;01.01.2025;31.03.2027;110;EUR
Аэропорт-Отель;Аэропорт Antalya;Kizilot;Индивидуальный трансфер аэропорт - отель MERCEDES VITO (без гида) (макс.5 чел.);5;01.01.2025;31.03.2027;110;EUR
Аэропорт-Отель;Аэропорт Antalya;Cenger;Индивидуальный трансфер аэропорт - отель MERCEDES VITO (без гида) (макс.5 чел.);5;01.01.2025;31.03.2027;110;EUR
Аэропорт-Отель-Аэропорт ;Аэропорт Antalya;Demre;Индивидуальный трансфер делюкс микроавтобус (с гидом) (макс. 8 чел.);8;01.01.2024;31.10.2026;589;EUR
Аэропорт-Отель;Аэропорт Antalya;Demre;Индивидуальный трансфер делюкс микроавтобус (с гидом) (макс. 8 чел.);8;01.01.2024;31.10.2026;295;EUR
Аэропорт-Отель;Аэропорт Antalya;Demre;Индивидуальный трансфер аэропорт - отель MERCEDES VITO (с гидом) (макс.5 чел.);5;01.01.2024;31.10.2026;284;EUR
Аэропорт-Отель-Аэропорт ;Аэропорт Antalya;Demre;Индивидуальный трансфер MERCEDES VITO (с гидом) (макс. 5 чел.);5;01.01.2024;31.10.2026;567;EUR
Аэропорт-Отель-Аэропорт ;Аэропорт Antalya;Demre;Индивидуальный трансфер микроавтобус (с гидом) (макс. 12 чел.);12;01.01.2024;31.10.2026;544;EUR
Аэропорт-Отель;Аэропорт Antalya;Demre;Индивидуальный трансфер аэропорт - отель микроавтобус (с гидом) (макс. 12 чел.);12;01.01.2024;31.10.2026;272;EUR
Аэропорт-Отель-Аэропорт ;Аэропорт Antalya;Okurcalar;Индивидуальный трансфер микроавтобус (с гидом) (макс. 12 чел.);12;01.01.2025;31.10.2026;256;EUR
Аэропорт-Отель-Аэропорт ;Аэропорт Antalya;Incekum;Индивидуальный трансфер микроавтобус (с гидом) (макс. 12 чел.);12;01.01.2025;31.10.2026;256;EUR
Аэропорт-Отель-Аэропорт ;Аэропорт Antalya;Avsallar;Индивидуальный трансфер микроавтобус (с гидом) (макс. 12 чел.);12;01.01.2025;31.10.2026;256;EUR
Аэропорт-Отель-Аэропорт ;Аэропорт Antalya;Turkler;Индивидуальный трансфер микроавтобус (с гидом) (макс. 12 чел.);12;01.01.2025;31.10.2026;256;EUR
Аэропорт-Отель-Аэропорт ;Аэропорт Antalya;Konakli;Индивидуальный трансфер микроавтобус (с гидом) (макс. 12 чел.);12;01.01.2025;31.10.2026;256;EUR
Аэропорт-Отель-Аэропорт ;Аэропорт Antalya;Okurcalar;Индивидуальный трансфер микроавтобус (без гида) (макс. 12 чел.);12;01.01.2025;31.10.2026;220;EUR
Аэропорт-Отель-Аэропорт ;Аэропорт Antalya;Incekum;Индивидуальный трансфер микроавтобус (без гида) (макс. 12 чел.);12;01.01.2025;31.10.2026;220;EUR
Аэропорт-Отель-Аэропорт ;Аэропорт Antalya;Avsallar;Индивидуальный трансфер микроавтобус (без гида) (макс. 12 чел.);12;01.01.2025;31.10.2026;220;EUR
Аэропорт-Отель-Аэропорт ;Аэропорт Antalya;Turkler;Индивидуальный трансфер микроавтобус (без гида) (макс. 12 чел.);12;01.01.2025;31.10.2026;220;EUR
Аэропорт-Отель-Аэропорт ;Аэропорт Antalya;Konakli;Индивидуальный трансфер микроавтобус (без гида) (макс. 12 чел.);12;01.01.2025;31.10.2026;220;EUR
Аэропорт-Отель-Аэропорт ;Аэропорт Antalya;Okurcalar;Индивидуальный трансфер делюкс микроавтобус (без гида) (макс. 8 чел.);8;01.01.2025;31.10.2026;265;EUR
Аэропорт-Отель-Аэропорт ;Аэропорт Antalya;Okurcalar;Индивидуальный трансфер делюкс микроавтобус (с гидом) (макс. 8 чел.);8;01.01.2025;31.10.2026;300;EUR
Аэропорт-Отель-Аэропорт ;Аэропорт Antalya;Incekum;Индивидуальный трансфер делюкс микроавтобус (без гида) (макс. 8 чел.);8;01.01.2025;31.10.2026;265;EUR
Аэропорт-Отель-Аэропорт ;Аэропорт Antalya;Incekum;Индивидуальный трансфер делюкс микроавтобус (с гидом) (макс. 8 чел.);8;01.01.2025;31.10.2026;300;EUR
Аэропорт-Отель-Аэропорт ;Аэропорт Antalya;Avsallar;Индивидуальный трансфер делюкс микроавтобус (без гида) (макс. 8 чел.);8;01.01.2025;31.10.2026;265;EUR
Аэропорт-Отель-Аэропорт ;Аэропорт Antalya;Avsallar;Индивидуальный трансфер делюкс микроавтобус (с гидом) (макс. 8 чел.);8;01.01.2025;31.10.2026;300;EUR
Аэропорт-Отель-Аэропорт ;Аэропорт Antalya;Turkler;Индивидуальный трансфер делюкс микроавтобус (без гида) (макс. 8 чел.);8;01.01.2025;31.10.2026;265;EUR
Аэропорт-Отель-Аэропорт ;Аэропорт Antalya;Turkler;Индивидуальный трансфер делюкс микроавтобус (с гидом) (макс. 8 чел.);8;01.01.2025;31.10.2026;300;EUR
Аэропорт-Отель-Аэропорт ;Аэропорт Antalya;Konakli;Индивидуальный трансфер делюкс микроавтобус (без гида) (макс. 8 чел.);8;01.01.2025;31.10.2026;265;EUR
Аэропорт-Отель-Аэропорт ;Аэропорт Antalya;Konakli;Индивидуальный трансфер делюкс микроавтобус (с гидом) (макс. 8 чел.);8;01.01.2025;31.10.2026;300;EUR
Аэропорт-Отель-Аэропорт ;Аэропорт Antalya;Okurcalar;Индивидуальный трансфер MERCEDES VITO (с гидом) (макс. 5 чел.);5;01.01.2025;31.10.2026;278;EUR
Аэропорт-Отель-Аэропорт ;Аэропорт Antalya;Incekum;Индивидуальный трансфер MERCEDES VITO (с гидом) (макс. 5 чел.);5;01.01.2025;31.10.2026;278;EUR
Аэропорт-Отель-Аэропорт ;Аэропорт Antalya;Avsallar;Индивидуальный трансфер MERCEDES VITO (с гидом) (макс. 5 чел.);5;01.01.2025;31.10.2026;278;EUR
Аэропорт-Отель-Аэропорт ;Аэропорт Antalya;Turkler;Индивидуальный трансфер MERCEDES VITO (с гидом) (макс. 5 чел.);5;01.01.2025;31.10.2026;278;EUR
Аэропорт-Отель-Аэропорт ;Аэропорт Antalya;Konakli;Индивидуальный трансфер MERCEDES VITO (с гидом) (макс. 5 чел.);5;01.01.2025;31.10.2026;278;EUR
Аэропорт-Отель-Аэропорт ;Аэропорт Antalya;Okurcalar;Индивидуальный трансфер MERCEDES VITO (без гида) (макс. 5 чел.);5;01.01.2025;31.10.2026;242;EUR
Аэропорт-Отель-Аэропорт ;Аэропорт Antalya;Incekum;Индивидуальный трансфер MERCEDES VITO (без гида) (макс. 5 чел.);5;01.01.2025;31.10.2026;242;EUR
Аэропорт-Отель-Аэропорт ;Аэропорт Antalya;Avsallar;Индивидуальный трансфер MERCEDES VITO (без гида) (макс. 5 чел.);5;01.01.2025;31.10.2026;242;EUR
Аэропорт-Отель-Аэропорт ;Аэропорт Antalya;Turkler;Индивидуальный трансфер MERCEDES VITO (без гида) (макс. 5 чел.);5;01.01.2025;31.10.2026;242;EUR
Аэропорт-Отель-Аэропорт ;Аэропорт Antalya;Konakli;Индивидуальный трансфер MERCEDES VITO (без гида) (макс. 5 чел.);5;01.01.2025;31.10.2026;242;EUR
Аэропорт-Отель;Аэропорт Antalya;Okurcalar;Индивидуальный трансфер аэропорт - отель микроавтобус (с гидом) (макс. 12 чел.);12;01.01.2025;31.10.2026;128;EUR
Аэропорт-Отель;Аэропорт Antalya;Incekum;Индивидуальный трансфер аэропорт - отель микроавтобус (с гидом) (макс. 12 чел.);12;01.01.2025;31.10.2026;128;EUR
Аэропорт-Отель;Аэропорт Antalya;Avsallar;Индивидуальный трансфер аэропорт - отель микроавтобус (с гидом) (макс. 12 чел.);12;01.01.2025;31.10.2026;128;EUR
Аэропорт-Отель;Аэропорт Antalya;Turkler;Индивидуальный трансфер аэропорт - отель микроавтобус (с гидом) (макс. 12 чел.);12;01.01.2025;31.10.2026;128;EUR
Аэропорт-Отель;Аэропорт Antalya;Konakli;Индивидуальный трансфер аэропорт - отель микроавтобус (с гидом) (макс. 12 чел.);12;01.01.2025;31.10.2026;128;EUR
Аэропорт-Отель;Аэропорт Antalya;Okurcalar;Индивидуальный трансфер аэропорт - отель микроавтобус (без гида) (макс. 12 чел.);12;01.01.2025;31.10.2026;110;EUR
Аэропорт-Отель;Аэропорт Antalya;Incekum;Индивидуальный трансфер аэропорт - отель микроавтобус (без гида) (макс. 12 чел.);12;01.01.2025;31.10.2026;110;EUR
Аэропорт-Отель;Аэропорт Antalya;Avsallar;Индивидуальный трансфер аэропорт - отель микроавтобус (без гида) (макс. 12 чел.);12;01.01.2025;31.10.2026;110;EUR
Аэропорт-Отель;Аэропорт Antalya;Turkler;Индивидуальный трансфер аэропорт - отель микроавтобус (без гида) (макс. 12 чел.);12;01.01.2025;31.10.2026;110;EUR
Аэропорт-Отель;Аэропорт Antalya;Konakli;Индивидуальный трансфер аэропорт - отель микроавтобус (без гида) (макс. 12 чел.);12;01.01.2025;31.10.2026;110;EUR
Аэропорт-Отель;Аэропорт Antalya;Okurcalar;Индивидуальный трансфер делюкс микроавтобус (без гида) (макс. 8 чел.);8;01.01.2025;31.10.2026;133;EUR
Аэропорт-Отель;Аэропорт Antalya;Okurcalar;Индивидуальный трансфер делюкс микроавтобус (с гидом) (макс. 8 чел.);8;01.01.2025;31.10.2026;150;EUR
Аэропорт-Отель;Аэропорт Antalya;Incekum;Индивидуальный трансфер делюкс микроавтобус (без гида) (макс. 8 чел.);8;01.01.2025;31.10.2026;133;EUR
Аэропорт-Отель;Аэропорт Antalya;Incekum;Индивидуальный трансфер делюкс микроавтобус (с гидом) (макс. 8 чел.);8;01.01.2025;31.10.2026;150;EUR
Аэропорт-Отель;Аэропорт Antalya;Avsallar;Индивидуальный трансфер делюкс микроавтобус (без гида) (макс. 8 чел.);8;01.01.2025;31.10.2026;133;EUR
Аэропорт-Отель;Аэропорт Antalya;Avsallar;Индивидуальный трансфер делюкс микроавтобус (с гидом) (макс. 8 чел.);8;01.01.2025;31.10.2026;150;EUR
Аэропорт-Отель;Аэропорт Antalya;Turkler;Индивидуальный трансфер делюкс микроавтобус (без гида) (макс. 8 чел.);8;01.01.2025;31.10.2026;133;EUR
Аэропорт-Отель;Аэропорт Antalya;Turkler;Индивидуальный трансфер делюкс микроавтобус (с гидом) (макс. 8 чел.);8;01.01.2025;31.10.2026;150;EUR
Аэропорт-Отель;Аэропорт Antalya;Konakli;Индивидуальный трансфер делюкс микроавтобус (без гида) (макс. 8 чел.);8;01.01.2025;31.10.2026;133;EUR
Аэропорт-Отель;Аэропорт Antalya;Konakli;Индивидуальный трансфер делюкс микроавтобус (с гидом) (макс. 8 чел.);8;01.01.2025;31.10.2026;150;EUR
Аэропорт-Отель;Аэропорт Antalya;Okurcalar;Индивидуальный трансфер аэропорт - отель MERCEDES VITO (с гидом) (макс.5 чел.);5;01.01.2025;31.10.2026;139;EUR
Аэропорт-Отель;Аэропорт Antalya;Incekum;Индивидуальный трансфер аэропорт - отель MERCEDES VITO (с гидом) (макс.5 чел.);5;01.01.2025;31.10.2026;139;EUR
Аэропорт-Отель;Аэропорт Antalya;Avsallar;Индивидуальный трансфер аэропорт - отель MERCEDES VITO (с гидом) (макс.5 чел.);5;01.01.2025;31.10.2026;139;EUR
Аэропорт-Отель;Аэропорт Antalya;Turkler;Индивидуальный трансфер аэропорт - отель MERCEDES VITO (с гидом) (макс.5 чел.);5;01.01.2025;31.10.2026;139;EUR
Аэропорт-Отель;Аэропорт Antalya;Konakli;Индивидуальный трансфер аэропорт - отель MERCEDES VITO (с гидом) (макс.5 чел.);5;01.01.2025;31.10.2026;139;EUR
Аэропорт-Отель;Аэропорт Antalya;Okurcalar;Индивидуальный трансфер аэропорт - отель MERCEDES VITO (без гида) (макс.5 чел.);5;01.01.2025;31.10.2026;121;EUR
Аэропорт-Отель;Аэропорт Antalya;Incekum;Индивидуальный трансфер аэропорт - отель MERCEDES VITO (без гида) (макс.5 чел.);5;01.01.2025;31.10.2026;121;EUR
Аэропорт-Отель;Аэропорт Antalya;Avsallar;Индивидуальный трансфер аэропорт - отель MERCEDES VITO (без гида) (макс.5 чел.);5;01.01.2025;31.10.2026;121;EUR
Аэропорт-Отель;Аэропорт Antalya;Turkler;Индивидуальный трансфер аэропорт - отель MERCEDES VITO (без гида) (макс.5 чел.);5;01.01.2025;31.10.2026;121;EUR
Аэропорт-Отель;Аэропорт Antalya;Konakli;Индивидуальный трансфер аэропорт - отель MERCEDES VITO (без гида) (макс.5 чел.);5;01.01.2025;31.10.2026;121;EUR
Аэропорт-Отель-Аэропорт ;Аэропорт Antalya;Alanya;Индивидуальный трансфер микроавтобус (с гидом) (макс. 12 чел.);12;01.01.2025;31.10.2026;278;EUR
Аэропорт-Отель-Аэропорт ;Аэропорт Antalya;Obagol;Индивидуальный трансфер микроавтобус (с гидом) (макс. 12 чел.);12;01.01.2025;31.10.2026;278;EUR
Аэропорт-Отель-Аэропорт ;Аэропорт Antalya;Tosmur;Индивидуальный трансфер микроавтобус (с гидом) (макс. 12 чел.);12;01.01.2025;31.10.2026;278;EUR
Аэропорт-Отель-Аэропорт ;Аэропорт Antalya;Mahmutlar;Индивидуальный трансфер микроавтобус (с гидом) (макс. 12 чел.);12;01.01.2025;31.10.2026;278;EUR
Аэропорт-Отель-Аэропорт ;Аэропорт Antalya;Kargicak;Индивидуальный трансфер микроавтобус (с гидом) (макс. 12 чел.);12;01.01.2025;31.10.2026;278;EUR
Аэропорт-Отель-Аэропорт ;Аэропорт Antalya;Alanya;Индивидуальный трансфер микроавтобус (без гида) (макс. 12 чел.);12;01.01.2025;31.10.2026;242;EUR
Аэропорт-Отель-Аэропорт ;Аэропорт Antalya;Obagol;Индивидуальный трансфер микроавтобус (без гида) (макс. 12 чел.);12;01.01.2025;31.10.2026;242;EUR
Аэропорт-Отель-Аэропорт ;Аэропорт Antalya;Tosmur;Индивидуальный трансфер микроавтобус (без гида) (макс. 12 чел.);12;01.01.2025;31.10.2026;242;EUR
Аэропорт-Отель-Аэропорт ;Аэропорт Antalya;Mahmutlar;Индивидуальный трансфер микроавтобус (без гида) (макс. 12 чел.);12;01.01.2025;31.10.2026;242;EUR
Аэропорт-Отель-Аэропорт ;Аэропорт Antalya;Kargicak;Индивидуальный трансфер микроавтобус (без гида) (макс. 12 чел.);12;01.01.2025;31.10.2026;242;EUR
Аэропорт-Отель-Аэропорт ;Аэропорт Antalya;Alanya;Индивидуальный трансфер делюкс микроавтобус (без гида) (макс. 8 чел.);8;01.01.2025;31.10.2026;287;EUR
Аэропорт-Отель-Аэропорт ;Аэропорт Antalya;Alanya;Индивидуальный трансфер делюкс микроавтобус (с гидом) (макс. 8 чел.);8;01.01.2025;31.10.2026;322;EUR
Аэропорт-Отель-Аэропорт ;Аэропорт Antalya;Obagol;Индивидуальный трансфер делюкс микроавтобус (без гида) (макс. 8 чел.);8;01.01.2025;31.10.2026;287;EUR
Аэропорт-Отель-Аэропорт ;Аэропорт Antalya;Obagol;Индивидуальный трансфер делюкс микроавтобус (с гидом) (макс. 8 чел.);8;01.01.2025;31.10.2026;322;EUR
Аэропорт-Отель-Аэропорт ;Аэропорт Antalya;Tosmur;Индивидуальный трансфер делюкс микроавтобус (без гида) (макс. 8 чел.);8;01.01.2025;31.10.2026;287;EUR
Аэропорт-Отель-Аэропорт ;Аэропорт Antalya;Tosmur;Индивидуальный трансфер делюкс микроавтобус (с гидом) (макс. 8 чел.);8;01.01.2025;31.10.2026;322;EUR
Аэропорт-Отель-Аэропорт ;Аэропорт Antalya;Kargicak;Индивидуальный трансфер делюкс микроавтобус (без гида) (макс. 8 чел.);8;01.01.2025;31.10.2026;287;EUR
Аэропорт-Отель-Аэропорт ;Аэропорт Antalya;Kargicak;Индивидуальный трансфер делюкс микроавтобус (с гидом) (макс. 8 чел.);8;01.01.2025;31.10.2026;322;EUR
Аэропорт-Отель-Аэропорт ;Аэропорт Antalya;Mahmutlar;Индивидуальный трансфер делюкс микроавтобус (без гида) (макс. 8 чел.);8;01.01.2025;31.10.2026;318;EUR
Аэропорт-Отель-Аэропорт ;Аэропорт Antalya;Mahmutlar;Индивидуальный трансфер делюкс микроавтобус (с гидом) (макс. 8 чел.);8;01.01.2025;31.10.2026;322;EUR
Аэропорт-Отель-Аэропорт ;Аэропорт Antalya;Alanya;Индивидуальный трансфер MERCEDES VITO (с гидом) (макс. 5 чел.);5;01.01.2025;31.10.2026;300;EUR
Аэропорт-Отель-Аэропорт ;Аэропорт Antalya;Obagol;Индивидуальный трансфер MERCEDES VITO (с гидом) (макс. 5 чел.);5;01.01.2025;31.10.2026;300;EUR
Аэропорт-Отель-Аэропорт ;Аэропорт Antalya;Tosmur;Индивидуальный трансфер MERCEDES VITO (с гидом) (макс. 5 чел.);5;01.01.2025;31.10.2026;300;EUR
Аэропорт-Отель-Аэропорт ;Аэропорт Antalya;Mahmutlar;Индивидуальный трансфер MERCEDES VITO (с гидом) (макс. 5 чел.);5;01.01.2025;31.10.2026;300;EUR
Аэропорт-Отель-Аэропорт ;Аэропорт Antalya;Kargicak;Индивидуальный трансфер MERCEDES VITO (с гидом) (макс. 5 чел.);5;01.01.2025;31.10.2026;300;EUR
Аэропорт-Отель-Аэропорт ;Аэропорт Antalya;Alanya;Индивидуальный трансфер MERCEDES VITO (без гида) (макс. 5 чел.);5;01.01.2025;31.10.2026;265;EUR
Аэропорт-Отель-Аэропорт ;Аэропорт Antalya;Obagol;Индивидуальный трансфер MERCEDES VITO (без гида) (макс. 5 чел.);5;01.01.2025;31.10.2026;265;EUR
Аэропорт-Отель-Аэропорт ;Аэропорт Antalya;Tosmur;Индивидуальный трансфер MERCEDES VITO (без гида) (макс. 5 чел.);5;01.01.2025;31.10.2026;265;EUR
Аэропорт-Отель-Аэропорт ;Аэропорт Antalya;Mahmutlar;Индивидуальный трансфер MERCEDES VITO (без гида) (макс. 5 чел.);5;01.01.2025;31.10.2026;265;EUR
Аэропорт-Отель-Аэропорт ;Аэропорт Antalya;Kargicak;Индивидуальный трансфер MERCEDES VITO (без гида) (макс. 5 чел.);5;01.01.2025;31.10.2026;265;EUR
Аэропорт-Отель;Аэропорт Antalya;Alanya;Индивидуальный трансфер аэропорт - отель микроавтобус (с гидом) (макс. 12 чел.);12;01.01.2025;31.10.2026;139;EUR
Аэропорт-Отель;Аэропорт Antalya;Obagol;Индивидуальный трансфер аэропорт - отель микроавтобус (с гидом) (макс. 12 чел.);12;01.01.2025;31.10.2026;139;EUR
Аэропорт-Отель;Аэропорт Antalya;Tosmur;Индивидуальный трансфер аэропорт - отель микроавтобус (с гидом) (макс. 12 чел.);12;01.01.2025;31.10.2026;139;EUR
Аэропорт-Отель;Аэропорт Antalya;Mahmutlar;Индивидуальный трансфер аэропорт - отель микроавтобус (с гидом) (макс. 12 чел.);12;01.01.2025;31.10.2026;139;EUR
Аэропорт-Отель;Аэропорт Antalya;Kargicak;Индивидуальный трансфер аэропорт - отель микроавтобус (с гидом) (макс. 12 чел.);12;01.01.2025;31.10.2026;139;EUR
Аэропорт-Отель;Аэропорт Antalya;Alanya;Индивидуальный трансфер аэропорт - отель микроавтобус (без гида) (макс. 12 чел.);12;01.01.2025;31.10.2026;121;EUR
Аэропорт-Отель;Аэропорт Antalya;Obagol;Индивидуальный трансфер аэропорт - отель микроавтобус (без гида) (макс. 12 чел.);12;01.01.2025;31.10.2026;121;EUR
Аэропорт-Отель;Аэропорт Antalya;Tosmur;Индивидуальный трансфер аэропорт - отель микроавтобус (без гида) (макс. 12 чел.);12;01.01.2025;31.10.2026;121;EUR
Аэропорт-Отель;Аэропорт Antalya;Kargicak;Индивидуальный трансфер аэропорт - отель микроавтобус (без гида) (макс. 12 чел.);12;01.01.2025;31.10.2026;121;EUR
Аэропорт-Отель;Аэропорт Antalya;Mahmutlar;Индивидуальный трансфер аэропорт - отель микроавтобус (без гида) (макс. 12 чел.);12;01.01.2025;31.10.2026;121;EUR
Аэропорт-Отель;Аэропорт Antalya;Alanya;Индивидуальный трансфер делюкс микроавтобус (без гида) (макс. 8 чел.);8;01.01.2025;31.10.2026;144;EUR
Аэропорт-Отель;Аэропорт Antalya;Alanya;Индивидуальный трансфер делюкс микроавтобус (с гидом) (макс. 8 чел.);8;01.01.2025;31.10.2026;161;EUR
Аэропорт-Отель;Аэропорт Antalya;Obagol;Индивидуальный трансфер делюкс микроавтобус (без гида) (макс. 8 чел.);8;01.01.2025;31.10.2026;144;EUR
Аэропорт-Отель;Аэропорт Antalya;Obagol;Индивидуальный трансфер делюкс микроавтобус (с гидом) (макс. 8 чел.);8;01.01.2025;31.10.2026;161;EUR
Аэропорт-Отель;Аэропорт Antalya;Tosmur;Индивидуальный трансфер делюкс микроавтобус (без гида) (макс. 8 чел.);8;01.01.2025;31.10.2026;144;EUR
Аэропорт-Отель;Аэропорт Antalya;Tosmur;Индивидуальный трансфер делюкс микроавтобус (с гидом) (макс. 8 чел.);8;01.01.2025;31.10.2026;161;EUR
Аэропорт-Отель;Аэропорт Antalya;Kargicak;Индивидуальный трансфер делюкс микроавтобус (без гида) (макс. 8 чел.);8;01.01.2025;31.10.2026;144;EUR
Аэропорт-Отель;Аэропорт Antalya;Kargicak;Индивидуальный трансфер делюкс микроавтобус (с гидом) (макс. 8 чел.);8;01.01.2025;31.10.2026;161;EUR
Аэропорт-Отель;Аэропорт Antalya;Mahmutlar;Индивидуальный трансфер делюкс микроавтобус (без гида) (макс. 8 чел.);8;01.01.2025;31.10.2026;144;EUR
Аэропорт-Отель;Аэропорт Antalya;Mahmutlar;Индивидуальный трансфер делюкс микроавтобус (с гидом) (макс. 8 чел.);8;01.01.2025;31.10.2026;161;EUR
Аэропорт-Отель;Аэропорт Antalya;Alanya;Индивидуальный трансфер аэропорт - отель MERCEDES VITO (с гидом) (макс.5 чел.);5;01.01.2025;31.10.2026;150;EUR
Аэропорт-Отель;Аэропорт Antalya;Obagol;Индивидуальный трансфер аэропорт - отель MERCEDES VITO (с гидом) (макс.5 чел.);5;01.01.2025;31.10.2026;150;EUR
Аэропорт-Отель;Аэропорт Antalya;Tosmur;Индивидуальный трансфер аэропорт - отель MERCEDES VITO (с гидом) (макс.5 чел.);5;01.01.2025;31.10.2026;150;EUR
Аэропорт-Отель;Аэропорт Antalya;Mahmutlar;Индивидуальный трансфер аэропорт - отель MERCEDES VITO (с гидом) (макс.5 чел.);5;01.01.2025;31.10.2026;150;EUR
Аэропорт-Отель;Аэропорт Antalya;Kargicak;Индивидуальный трансфер аэропорт - отель MERCEDES VITO (с гидом) (макс.5 чел.);5;01.01.2025;31.10.2026;150;EUR
Аэропорт-Отель;Аэропорт Antalya;Alanya;Индивидуальный трансфер аэропорт - отель MERCEDES VITO (без гида) (макс.5 чел.);5;01.01.2025;31.10.2026;133;EUR
Аэропорт-Отель;Аэропорт Antalya;Obagol;Индивидуальный трансфер аэропорт - отель MERCEDES VITO (без гида) (макс.5 чел.);5;01.01.2025;31.10.2026;133;EUR
Аэропорт-Отель;Аэропорт Antalya;Tosmur;Индивидуальный трансфер аэропорт - отель MERCEDES VITO (без гида) (макс.5 чел.);5;01.01.2025;31.10.2026;133;EUR
Аэропорт-Отель;Аэропорт Antalya;Mahmutlar;Индивидуальный трансфер аэропорт - отель MERCEDES VITO (без гида) (макс.5 чел.);5;01.01.2025;31.10.2026;133;EUR
Аэропорт-Отель;Аэропорт Antalya;Kargicak;Индивидуальный трансфер аэропорт - отель MERCEDES VITO (без гида) (макс.5 чел.);5;01.01.2025;31.10.2026;133;EUR
Аэропорт-Отель-Аэропорт ;Аэропорт Antalya;Alanya;Индивидуальный трансфер BMW 3.20 (макс. 3 чел.);3;16.05.2025;31.03.2027;422;EUR
Аэропорт-Отель-Аэропорт ;Аэропорт Antalya;Antalya;Индивидуальный трансфер BMW 3.20 (макс. 3 чел.);3;16.05.2025;31.03.2027;178;EUR
Аэропорт-Отель-Аэропорт ;Аэропорт Antalya;Kemer;Индивидуальный трансфер BMW 3.20 (макс. 3 чел.);3;16.05.2025;31.03.2027;245;EUR
Аэропорт-Отель;Аэропорт Antalya;Alanya;Индивидуальный трансфер аэропорт - отель BMW 3.20 (макс. 3 чел.);3;16.05.2025;31.03.2027;211;EUR
Аэропорт-Отель;Аэропорт Antalya;Antalya;Индивидуальный трансфер аэропорт - отель BMW 3.20 (макс. 3 чел.);3;16.05.2025;31.03.2027;89;EUR
Аэропорт-Отель;Аэропорт Antalya;Kemer;Индивидуальный трансфер аэропорт - отель BMW 3.20 (макс. 3 чел.);3;16.05.2025;31.03.2027;123;EUR
Аэропорт-Отель-Аэропорт ;Аэропорт Antalya;Side;Индивидуальный трансфер BMW 3.20 (макс. 3 чел.);3;16.05.2025;31.03.2027;333;EUR
Аэропорт-Отель;Аэропорт Antalya;Belek;Индивидуальный трансфер аэропорт - отель BMW 3.20 (макс. 3 чел.);3;16.05.2025;31.03.2027;123;EUR
Аэропорт-Отель-Аэропорт ;Аэропорт Antalya;Belek;Индивидуальный трансфер BMW 3.20 (макс. 3 чел.);3;16.05.2025;31.03.2027;245;EUR
Аэропорт-Отель;Аэропорт Antalya;Side;Индивидуальный трансфер аэропорт - отель BMW 3.20 (макс. 3 чел.);3;16.05.2025;31.03.2027;167;EUR
Аэропорт-Отель-Аэропорт ;Аэропорт Antalya;Belek;Индивидуальный трансфер MERCEDES S 500 (макс. 3 чел.);3;16.05.2025;31.03.2027;1199;EUR
Аэропорт-Отель-Аэропорт ;Аэропорт Antalya;Antalya;Индивидуальный трансфер MERCEDES S 500 (макс. 3 чел.);3;16.05.2025;31.03.2027;866;EUR
Аэропорт-Отель;Аэропорт Antalya;Side;Индивидуальный трансфер аэропорт - отель MERCEDES S 500 (макс. 3 чел.);3;16.05.2025;31.03.2027;600;EUR
Аэропорт-Отель-Аэропорт ;Аэропорт Antalya;Kemer;Индивидуальный трансфер MERCEDES C 180 (макс. 3 чел.);3;16.05.2025;31.10.2026;245;EUR
Аэропорт-Отель-Аэропорт ;Аэропорт Antalya;Side;Индивидуальный трансфер BMW 5.20 (макс. 3 чел.);3;16.05.2025;31.03.2027;389;EUR
Аэропорт-Отель-Аэропорт ;Аэропорт Antalya;Antalya;Индивидуальный трансфер MERCEDES C 180 (макс. 3 чел.);3;16.05.2025;31.10.2026;178;EUR
Аэропорт-Отель;Аэропорт Antalya;Belek;Индивидуальный трансфер аэропорт - отель BMW 5.20 (макс. 3 чел.);3;16.05.2025;31.03.2027;150;EUR
Аэропорт-Отель;Аэропорт Antalya;Antalya;Индивидуальный трансфер аэропорт - отель BMW 5.20 (макс. 3 чел.);3;16.05.2025;31.03.2027;111;EUR
Аэропорт-Отель-Аэропорт ;Аэропорт Antalya;Belek;Индивидуальный трансфер MERCEDES C 180 (макс. 3 чел.);3;16.05.2025;31.03.2027;245;EUR
Аэропорт-Отель-Аэропорт ;Аэропорт Antalya;Alanya;Индивидуальный трансфер MERCEDES C 180 (макс. 3 чел.);3;16.05.2025;31.03.2027;433;EUR
Аэропорт-Отель;Аэропорт Antalya;Belek;Индивидуальный трансфер аэропорт - отель MERCEDES S 500 (макс. 3 чел.);3;16.05.2025;31.03.2027;600;EUR
Аэропорт-Отель;Аэропорт Antalya;Kemer;Индивидуальный трансфер аэропорт - отель MERCEDES S 350 (макс. 3 чел.);3;16.05.2025;31.03.2027;345;EUR
Аэропорт-Отель;Аэропорт Antalya;Belek;Индивидуальный трансфер аэропорт - отель MERCEDES C 180 (макс. 3 чел.);3;16.05.2025;31.03.2027;123;EUR
Аэропорт-Отель;Аэропорт Antalya;Side;Индивидуальный трансфер аэропорт - отель MERCEDES C 180 (макс. 3 чел.);3;16.05.2025;31.03.2027;167;EUR
Аэропорт-Отель-Аэропорт ;Аэропорт Antalya;Kemer;Индивидуальный трансфер MERCEDES S 350 (макс. 3 чел.);3;16.05.2025;31.03.2027;689;EUR
Аэропорт-Отель;Аэропорт Antalya;Alanya;Индивидуальный трансфер аэропорт - отель BMW 5.20 (макс. 3 чел.);3;16.05.2025;31.03.2027;284;EUR
Аэропорт-Отель;Аэропорт Antalya;Kemer;Индивидуальный трансфер аэропорт - отель BMW 5.20 (макс. 3 чел.);3;16.05.2025;31.03.2027;150;EUR
Аэропорт-Отель;Аэропорт Antalya;Kemer;Индивидуальный трансфер аэропорт - отель MERCEDES C 180 (макс. 3 чел.);3;16.05.2025;31.03.2027;123;EUR
Аэропорт-Отель;Аэропорт Antalya;Alanya;Индивидуальный трансфер аэропорт - отель MERCEDES S 500 (макс. 3 чел.);3;16.05.2025;31.03.2027;1210;EUR
Аэропорт-Отель;Аэропорт Antalya;Antalya;Индивидуальный трансфер аэропорт - отель MERCEDES S 500 (макс. 3 чел.);3;16.05.2025;31.03.2027;433;EUR
Аэропорт-Отель-Аэропорт ;Аэропорт Antalya;Alanya;Индивидуальный трансфер MERCEDES S 500 (макс. 3 чел.);3;16.05.2025;31.03.2027;2420;EUR
Аэропорт-Отель-Аэропорт ;Аэропорт Antalya;Kemer;Индивидуальный трансфер MERCEDES S 500 (макс. 3 чел.);3;16.05.2025;31.03.2027;1199;EUR
Аэропорт-Отель-Аэропорт ;Аэропорт Antalya;Belek;Индивидуальный трансфер MERCEDES S 350 (макс. 3 чел.);3;16.05.2025;31.03.2027;644;EUR
Аэропорт-Отель-Аэропорт ;Аэропорт Antalya;Antalya;Индивидуальный трансфер BMW 5.20 (макс. 3 чел.);3;16.05.2025;31.03.2027;222;EUR
Аэропорт-Отель-Аэропорт ;Аэропорт Antalya;Kemer;Индивидуальный трансфер BMW 5.20 (макс. 3 чел.);3;16.05.2025;31.03.2027;300;EUR
Аэропорт-Отель-Аэропорт ;Аэропорт Antalya;Antalya;Индивидуальный трансфер MERCEDES S 350 (макс. 3 чел.);3;16.05.2025;31.03.2027;367;EUR
Аэропорт-Отель;Аэропорт Antalya;Alanya;Индивидуальный трансфер аэропорт - отель MERCEDES C 180 (макс. 3 чел.);3;16.05.2025;31.03.2027;217;EUR
Аэропорт-Отель-Аэропорт ;Аэропорт Antalya;Alanya;Индивидуальный трансфер MERCEDES S 350 (макс. 3 чел.);3;16.05.2025;31.03.2027;1044;EUR
Аэропорт-Отель-Аэропорт ;Аэропорт Antalya;Side;Индивидуальный трансфер MERCEDES S 500 (макс. 3 чел.);3;16.05.2025;31.03.2027;1199;EUR
Аэропорт-Отель;Аэропорт Antalya;Kemer;Индивидуальный трансфер аэропорт - отель MERCEDES S 500 (макс. 3 чел.);3;16.05.2025;31.03.2027;600;EUR
Аэропорт-Отель;Аэропорт Antalya;Belek;Индивидуальный трансфер аэропорт - отель MERCEDES S 350 (макс. 3 чел.);3;16.05.2025;31.03.2027;322;EUR
Аэропорт-Отель;Аэропорт Antalya;Antalya;Индивидуальный трансфер аэропорт - отель MERCEDES C 180 (макс. 3 чел.);3;16.05.2025;31.03.2027;89;EUR
Аэропорт-Отель;Аэропорт Antalya;Antalya;Индивидуальный трансфер аэропорт - отель MERCEDES S 350 (макс. 3 чел.);3;16.05.2025;31.03.2027;184;EUR
Аэропорт-Отель;Аэропорт Antalya;Alanya;Индивидуальный трансфер аэропорт - отель MERCEDES S 350 (макс. 3 чел.);3;16.05.2025;31.03.2027;522;EUR
Аэропорт-Отель-Аэропорт ;Аэропорт Antalya;Side;Индивидуальный трансфер MERCEDES C 180 (макс. 3 чел.);3;16.05.2025;31.03.2027;333;EUR
Аэропорт-Отель;Аэропорт Antalya;Side;Индивидуальный трансфер аэропорт - отель MERCEDES S 350 (макс. 3 чел.);3;16.05.2025;31.03.2027;411;EUR
Аэропорт-Отель-Аэропорт ;Аэропорт Antalya;Alanya;Индивидуальный трансфер BMW 5.20 (макс. 3 чел.);3;16.05.2025;31.03.2027;567;EUR
Аэропорт-Отель-Аэропорт ;Аэропорт Antalya;Side;Индивидуальный трансфер MERCEDES S 350 (макс. 3 чел.);3;16.05.2025;31.03.2027;822;EUR
Аэропорт-Отель;Аэропорт Antalya;Side;Индивидуальный трансфер аэропорт - отель BMW 5.20 (макс. 3 чел.);3;16.05.2025;31.03.2027;195;EUR
Аэропорт-Отель-Аэропорт ;Аэропорт Antalya;Belek;Индивидуальный трансфер BMW 5.20 (макс. 3 чел.);3;16.05.2025;31.03.2027;300;EUR
Аэропорт-Отель;Аэропорт Antalya;Alanya;Индивидуальный трансфер аэропорт - отель  RANGE ROVER EVOQUE (макс. 1 чел.);1;16.05.2025;31.03.2027;600;EUR
Аэропорт-Отель-Аэропорт ;Аэропорт Antalya;Alanya;Индивидуальный трансфер в обе стороны RANGE ROVER EVOQUE (макс. 1 чел.);1;16.05.2025;31.03.2027;1199;EUR
Аэропорт-Отель;Аэропорт Antalya;Antalya;Индивидуальный трансфер аэропорт - отель  RANGE ROVER EVOQUE (макс. 1 чел.);1;16.05.2025;31.03.2027;222;EUR
Аэропорт-Отель-Аэропорт ;Аэропорт Antalya;Antalya;Индивидуальный трансфер в обе стороны RANGE ROVER EVOQUE (макс. 1 чел.);1;16.05.2025;31.03.2027;444;EUR
Аэропорт-Отель;Аэропорт Antalya;Belek;Индивидуальный трансфер аэропорт - отель  RANGE ROVER EVOQUE (макс. 1 чел.);1;16.05.2025;31.03.2027;378;EUR
Аэропорт-Отель-Аэропорт ;Аэропорт Antalya;Belek;Индивидуальный трансфер в обе стороны RANGE ROVER EVOQUE (макс. 1 чел.);1;16.05.2025;31.03.2027;755;EUR
Аэропорт-Отель;Аэропорт Antalya;Kemer;Индивидуальный трансфер аэропорт - отель  RANGE ROVER EVOQUE (макс. 1 чел.);1;16.05.2025;31.03.2027;378;EUR
Аэропорт-Отель-Аэропорт ;Аэропорт Antalya;Kemer;Индивидуальный трансфер в обе стороны RANGE ROVER EVOQUE (макс. 1 чел.);1;16.05.2025;31.03.2027;755;EUR
Аэропорт-Отель;Аэропорт Antalya;Side;Индивидуальный трансфер аэропорт - отель  RANGE ROVER EVOQUE (макс. 1 чел.);1;16.05.2025;31.03.2027;456;EUR
Аэропорт-Отель-Аэропорт ;Аэропорт Antalya;Side;Индивидуальный трансфер в обе стороны RANGE ROVER EVOQUE (макс. 1 чел.);1;16.05.2025;31.03.2027;911;EUR
Аэропорт-Отель;Аэропорт Antalya;Alanya;Индивидуальный трансфер аэропорт - отель MERCEDES E 180 (макс. 3 чел.);3;16.05.2025;31.03.2027;284;EUR
Аэропорт-Отель-Аэропорт ;Аэропорт Antalya;Alanya;Индивидуальный трансфер MERCEDES E 180 (макс. 3 чел.);3;16.05.2025;31.03.2027;567;EUR
Аэропорт-Отель;Аэропорт Antalya;Side;Индивидуальный трансфер аэропорт - отель MERCEDES E 180 (макс. 3 чел.);3;16.05.2025;31.03.2027;195;EUR
Аэропорт-Отель-Аэропорт ;Аэропорт Antalya;Side;Индивидуальный трансфер MERCEDES E 180 (макс. 3 чел.);3;16.05.2025;31.03.2027;389;EUR
Аэропорт-Отель;Аэропорт Antalya;Belek;Индивидуальный трансфер аэропорт - отель MERCEDES E 180 (макс. 3 чел.);3;16.05.2025;31.03.2027;150;EUR
Аэропорт-Отель-Аэропорт ;Аэропорт Antalya;Belek;Индивидуальный трансфер MERCEDES E 180 (макс. 3 чел.);3;16.05.2025;31.03.2027;300;EUR
Аэропорт-Отель;Аэропорт Antalya;Antalya;Индивидуальный трансфер аэропорт - отель MERCEDES E 180 (макс. 3 чел.);3;16.05.2025;31.03.2027;128;EUR
Аэропорт-Отель-Аэропорт ;Аэропорт Antalya;Antalya;Индивидуальный трансфер MERCEDES E 180 (макс. 3 чел.);3;16.05.2025;31.03.2027;256;EUR
Аэропорт-Отель;Аэропорт Antalya;Kemer;Индивидуальный трансфер аэропорт - отель MERCEDES E 180 (макс. 3 чел.);3;16.05.2025;31.03.2027;150;EUR
Аэропорт-Отель-Аэропорт ;Аэропорт Antalya;Kemer;Индивидуальный трансфер MERCEDES E 180 (макс. 3 чел.);3;16.05.2025;31.03.2027;300;EUR
Аэропорт-Отель-Аэропорт ;Аэропорт Antalya;Kemer;Индивидуальный трансфер MERCEDES E 200 (макс. 3 чел.);3;16.05.2025;31.03.2027;622;EUR
Аэропорт-Отель;Аэропорт Antalya;Antalya;Индивидуальный трансфер MERCEDES E 200 (макс. 3 чел.);3;16.05.2025;31.03.2027;195;EUR
Аэропорт-Отель-Аэропорт ;Аэропорт Antalya;Antalya;Индивидуальный трансфер MERCEDES E 200 (макс. 3 чел.);3;16.05.2025;31.03.2027;389;EUR
Аэропорт-Отель-Аэропорт ;Аэропорт Antalya;Belek;Индивидуальный трансфер MERCEDES E 200 (макс. 3 чел.);3;16.05.2025;31.03.2027;644;EUR
Аэропорт-Отель-Аэропорт ;Аэропорт Antalya;Side;Индивидуальный трансфер MERCEDES E 200 (макс. 3 чел.);3;16.05.2025;31.03.2027;777;EUR
Аэропорт-Отель-Аэропорт ;Аэропорт Antalya;Alanya;Индивидуальный трансфер MERCEDES E 200 (макс. 3 чел.);3;16.05.2025;31.03.2027;999;EUR
Отель-Аэропорт;Adrasan;Аэропорт Antalya;Индивидуальный трансфер отель - аэропорт микроавтобус (без гида) (макс. 12 чел.);12;01.01.2024;31.03.2027;133;EUR
Отель-Аэропорт;Adrasan;Аэропорт Antalya;Индивидуальный трансфер отель - аэропорт MERCEDES VITO (без гида) (макс. 5 чел.);5;01.01.2024;31.03.2027;144;EUR
Отель-Аэропорт;Adrasan;Аэропорт Antalya;Индивидуальный трансфер делюкс микроавтобус (без гида) (макс. 8 чел.);8;01.01.2024;31.03.2027;155;EUR
Отель-Аэропорт;Alanya;Аэропорт Antalya;Индивидуальный трансфер отель - аэропорт мидибас (макс. 20 чел.);20;11.03.2024;31.03.2027;300;EUR
Отель-Аэропорт;Alanya;Аэропорт Antalya;Индивидуальный трансфер отель - аэропорт автобус (макс. 42 чел.);42;11.03.2024;31.03.2027;456;EUR
Отель-Аэропорт;Alanya;Аэропорт Antalya;Индивидуальный трансфер отель - аэропорт BMW 3.20 (макс. 3 чел.);3;16.05.2025;31.03.2027;211;EUR
Отель-Аэропорт;Alanya;Аэропорт Antalya;Индивидуальный трансфер отель - аэропорт MERCEDES S 500 (макс. 3 чел.);3;16.05.2025;31.03.2027;1210;EUR
Отель-Аэропорт;Alanya;Аэропорт Antalya;Индивидуальный трансфер отель - аэропорт MERCEDES C 180 (макс. 3 чел.);3;16.05.2025;31.03.2027;217;EUR
Отель-Аэропорт;Alanya;Аэропорт Antalya;Индивидуальный трансфер отель - аэропорт MERCEDES S 350 (макс. 3 чел.);3;16.05.2025;31.03.2027;522;EUR
Отель-Аэропорт;Alanya;Аэропорт Antalya;Индивидуальный трансфер отель - аэропорт BMW 5.20 (макс. 3 чел.);3;16.05.2025;31.03.2027;284;EUR
Отель-Аэропорт;Alanya;Аэропорт Antalya;Индивидуальный трансфер отель - аэропорт RANGE ROVER EVOQUE (макс. 1 чел.);1;16.05.2025;31.03.2027;600;EUR
Отель-Аэропорт;Alanya;Аэропорт Antalya;Индивидуальный трансфер отель - аэропорт MERCEDES E 180 (макс. 3 чел.);3;16.05.2025;31.03.2027;284;EUR
Отель-Аэропорт;Alanya;Аэропорт Antalya;Индивидуальный трансфер MERCEDES E 200 (макс. 3 чел.);3;16.05.2025;31.03.2027;500;EUR
Отель-Аэропорт;Antalya;Аэропорт Antalya;Индивидуальный трансфер отель - аэропорт мидибас (макс. 20 чел.);20;11.03.2024;31.03.2027;111;EUR
Отель-Аэропорт;Antalya;Аэропорт Antalya;Индивидуальный трансфер отель - аэропорт автобус (макс. 42 чел.);42;11.03.2024;31.03.2027;167;EUR
Отель-Аэропорт;Antalya;Аэропорт Antalya;Индивидуальный трансфер отель - аэропорт микроавтобус (без гида) (макс. 12 чел.);12;01.01.2024;31.03.2027;66;EUR
Отель-Аэропорт;Antalya;Аэропорт Antalya;Индивидуальный трансфер отель - аэропорт микроавтобус (с гидом) (макс. 12 чел.);12;01.01.2025;31.03.2027;84;EUR
Отель-Аэропорт;Antalya;Аэропорт Antalya;Индивидуальный трансфер отель - аэропорт MERCEDES VITO (без гида) (макс. 5 чел.);5;01.01.2025;31.03.2027;77;EUR
Отель-Аэропорт;Antalya;Аэропорт Antalya;Индивидуальный трансфер отель - аэропорт MERCEDES VITO (с гидом) (макс. 5 чел.);5;01.01.2025;31.03.2027;95;EUR
Отель-Аэропорт;Antalya;Аэропорт Antalya;Индивидуальный трансфер делюкс микроавтобус (с гидом) (макс. 8 чел.);8;01.01.2025;31.03.2027;106;EUR
Отель-Аэропорт;Antalya;Аэропорт Antalya;Индивидуальный трансфер делюкс микроавтобус (без гида) (макс. 8 чел.);8;01.01.2025;31.03.2027;88;EUR
Отель-Аэропорт;Antalya;Аэропорт Antalya;Индивидуальный трансфер отель - аэропорт BMW 3.20 (макс. 3 чел.);3;16.05.2025;31.03.2027;89;EUR
Отель-Аэропорт;Antalya;Аэропорт Antalya;Индивидуальный трансфер отель - аэропорт MERCEDES C 180 (макс. 3 чел.);3;16.05.2025;31.03.2027;89;EUR
Отель-Аэропорт;Antalya;Аэропорт Antalya;Индивидуальный трансфер отель - аэропорт BMW 5.20 (макс. 3 чел.);3;16.05.2025;31.03.2027;111;EUR
Отель-Аэропорт;Antalya;Аэропорт Antalya;Индивидуальный трансфер отель - аэропорт MERCEDES S 350 (макс. 3 чел.);3;16.05.2025;31.03.2027;184;EUR
Отель-Аэропорт;Antalya;Аэропорт Antalya;Индивидуальный трансфер отель - аэропорт MERCEDES S 500 (макс. 3 чел.);3;16.05.2025;31.03.2027;433;EUR
Отель-Аэропорт;Antalya;Аэропорт Antalya;Индивидуальный трансфер отель - аэропорт RANGE ROVER EVOQUE (макс. 1 чел.);1;16.05.2025;31.03.2027;222;EUR
Отель-Аэропорт;Antalya;Аэропорт Antalya;Индивидуальный трансфер отель - аэропорт MERCEDES E 180 (макс. 3 чел.);3;16.05.2025;31.03.2027;128;EUR
Отель-Аэропорт;Antalya;Аэропорт Antalya;Индивидуальный трансфер MERCEDES E 200 (макс. 3 чел.);3;16.05.2025;31.03.2027;195;EUR
Отель-Аэропорт;Belek;Аэропорт Antalya;Индивидуальный трансфер отель - аэропорт мидибас (макс. 20 чел.);20;11.03.2024;31.03.2027;134;EUR
Отель-Аэропорт;Belek;Аэропорт Antalya;Индивидуальный трансфер отель - аэропорт автобус (макс. 42 чел.);42;11.03.2024;31.03.2027;211;EUR
Отель-Аэропорт;Belek;Аэропорт Antalya;Индивидуальный трансфер отель - аэропорт микроавтобус (без гида) (макс. 12 чел.);12;19.09.2024;31.03.2027;77;EUR
Отель-Аэропорт;Belek;Аэропорт Antalya;Индивидуальный трансфер отель - аэропорт микроавтобус (с гидом) (макс. 12 чел.);12;01.01.2025;31.03.2027;95;EUR
Отель-Аэропорт;Belek;Аэропорт Antalya;Индивидуальный трансфер отель - аэропорт MERCEDES VITO (без гида) (макс. 5 чел.);5;01.01.2025;31.03.2027;88;EUR
Отель-Аэропорт;Belek;Аэропорт Antalya;Индивидуальный трансфер отель - аэропорт MERCEDES VITO (с гидом) (макс. 5 чел.);5;01.01.2025;31.03.2027;106;EUR
Отель-Аэропорт;Belek;Аэропорт Antalya;Индивидуальный трансфер делюкс микроавтобус (без гида) (макс. 8 чел.);8;01.01.2025;31.03.2027;99;EUR
Отель-Аэропорт;Belek;Аэропорт Antalya;Индивидуальный трансфер делюкс микроавтобус (с гидом) (макс. 8 чел.);8;01.01.2025;31.03.2027;117;EUR
Отель-Аэропорт;Belek;Аэропорт Antalya;Индивидуальный трансфер отель - аэропорт BMW 3.20 (макс. 3 чел.);3;16.05.2025;31.03.2027;123;EUR
Отель-Аэропорт;Belek;Аэропорт Antalya;Индивидуальный трансфер отель - аэропорт MERCEDES S 500 (макс. 3 чел.);3;16.05.2025;31.03.2027;600;EUR
Отель-Аэропорт;Belek;Аэропорт Antalya;Индивидуальный трансфер отель - аэропорт MERCEDES C 180 (макс. 3 чел.);3;16.05.2025;31.03.2027;123;EUR
Отель-Аэропорт;Belek;Аэропорт Antalya;Индивидуальный трансфер отель - аэропорт BMW 5.20 (макс. 3 чел.);3;16.05.2025;31.03.2027;150;EUR
Отель-Аэропорт;Belek;Аэропорт Antalya;Индивидуальный трансфер отель - аэропорт MERCEDES S 350 (макс. 3 чел.);3;16.05.2025;31.03.2027;322;EUR
Отель-Аэропорт;Belek;Аэропорт Antalya;Индивидуальный трансфер отель - аэропорт RANGE ROVER EVOQUE (макс. 1 чел.);1;16.05.2025;31.03.2027;378;EUR
Отель-Аэропорт;Belek;Аэропорт Antalya;Индивидуальный трансфер отель - аэропорт MERCEDES E 180 (макс. 3 чел.);3;16.05.2025;31.03.2027;150;EUR
Отель-Аэропорт;Belek;Аэропорт Antalya;Индивидуальный трансфер MERCEDES E 200 (макс. 3 чел.);3;16.05.2025;31.03.2027;322;EUR
Отель-Аэропорт;Cirali;Аэропорт Antalya;Индивидуальный трансфер отель - аэропорт микроавтобус (без гида) (макс. 12 чел.);12;01.01.2024;31.03.2027;133;EUR
Отель-Аэропорт;Cirali;Аэропорт Antalya;Индивидуальный трансфер отель - аэропорт MERCEDES VITO (без гида) (макс. 5 чел.);5;01.01.2024;31.03.2027;144;EUR
Отель-Аэропорт;Cirali;Аэропорт Antalya;Индивидуальный трансфер делюкс микроавтобус (без гида) (макс. 8 чел.);8;01.01.2024;31.03.2027;155;EUR
Отель-Аэропорт;Dalaman;Аэропорт Antalya;Индивидуальный трансфер отель - аэропорт микроавтобус (с гидом) (макс. 12 чел.);12;01.01.2024;31.03.2027;350;EUR
Отель-Аэропорт;Dalaman;Аэропорт Antalya;Индивидуальный трансфер отель - аэропорт микроавтобус (без гида) (макс. 12 чел.);12;01.11.2024;31.03.2027;333;EUR
Отель-Аэропорт;Dalaman;Аэропорт Antalya;Индивидуальный трансфер отель - аэропорт MERCEDES VITO (с гидом) (макс. 5 чел.);5;01.01.2024;31.03.2027;361;EUR
Отель-Аэропорт;Dalaman;Аэропорт Antalya;Индивидуальный трансфер отель - аэропорт MERCEDES VITO (без гида) (макс. 5 чел.);5;01.01.2024;31.03.2027;345;EUR
Отель-Аэропорт;Dalaman;Аэропорт Antalya;Индивидуальный трансфер делюкс микроавтобус (без гида) (макс. 8 чел.);8;01.11.2024;31.03.2027;433;EUR
Отель-Аэропорт;Dalaman;Аэропорт Antalya;Индивидуальный трансфер делюкс микроавтобус (без гида) (макс. 8 чел.);8;01.11.2024;31.03.2027;361;EUR
Отель-Аэропорт;Fethiye;Аэропорт Antalya;Индивидуальный трансфер отель - аэропорт микроавтобус (с гидом) (макс. 12 чел.);12;01.01.2024;31.03.2027;322;EUR
Отель-Аэропорт;Fethiye;Аэропорт Antalya;Индивидуальный трансфер отель - аэропорт микроавтобус (без гида) (макс. 12 чел.);12;01.11.2024;31.03.2027;306;EUR
Отель-Аэропорт;Fethiye;Аэропорт Antalya;Индивидуальный трансфер отель - аэропорт MERCEDES VITO (с гидом) (макс. 5 чел.);5;01.01.2024;31.03.2027;383;EUR
Отель-Аэропорт;Fethiye;Аэропорт Antalya;Индивидуальный трансфер отель - аэропорт MERCEDES VITO (с гидом) (макс. 5 чел.);5;01.01.2024;31.03.2027;333;EUR
Отель-Аэропорт;Fethiye;Аэропорт Antalya;Индивидуальный трансфер отель - аэропорт MERCEDES VITO (без гида) (макс. 5 чел.);5;01.01.2024;31.03.2027;317;EUR
Отель-Аэропорт;Fethiye;Аэропорт Antalya;Индивидуальный трансфер делюкс микроавтобус (с гидом) (макс. 8 чел.);8;01.01.2024;31.03.2027;345;EUR
Отель-Аэропорт;Fethiye;Аэропорт Antalya;Индивидуальный трансфер делюкс микроавтобус (без гида) (макс. 8 чел.);8;01.11.2024;31.03.2027;383;EUR
Отель-Аэропорт;Finike;Аэропорт Antalya;Индивидуальный трансфер отель - аэропорт микроавтобус (с гидом) (макс. 12 чел.);12;01.01.2024;31.03.2027;195;EUR
Отель-Аэропорт;Finike;Аэропорт Antalya;Индивидуальный трансфер делюкс микроавтобус (без гида) (макс. 8 чел.);8;01.01.2024;31.03.2027;199;EUR
Отель-Аэропорт;Finike;Аэропорт Antalya;Индивидуальный трансфер делюкс микроавтобус (с гидом) (макс. 8 чел.);8;01.01.2024;31.03.2027;217;EUR
Отель-Аэропорт;Finike;Аэропорт Antalya;Индивидуальный трансфер отель - аэропорт MERCEDES VITO (без гида) (макс. 5 чел.);5;01.01.2024;31.03.2027;188;EUR
Отель-Аэропорт;Finike;Аэропорт Antalya;Индивидуальный трансфер отель - аэропорт MERCEDES VITO (с гидом) (макс. 5 чел.);5;01.01.2024;31.03.2027;206;EUR
Отель-Аэропорт;Finike;Аэропорт Antalya;Индивидуальный трансфер отель - аэропорт микроавтобус (без гида) (макс. 12 чел.);12;01.01.2024;31.03.2027;177;EUR
Отель-Аэропорт;Kas;Аэропорт Antalya;Индивидуальный трансфер отель - аэропорт микроавтобус (без гида) (макс. 12 чел.);12;01.01.2024;31.03.2027;277;EUR
Отель-Аэропорт;Kas;Аэропорт Antalya;Индивидуальный трансфер отель - аэропорт MERCEDES VITO (без гида) (макс. 5 чел.);5;01.01.2024;31.03.2027;288;EUR
Отель-Аэропорт;Kas;Аэропорт Antalya;Индивидуальный трансфер делюкс микроавтобус (без гида) (макс. 8 чел.);8;01.01.2024;31.03.2027;299;EUR
Отель-Аэропорт;Kemer;Аэропорт Antalya;Индивидуальный трансфер отель - аэропорт мидибас (макс. 20 чел.);20;11.03.2024;31.03.2027;167;EUR
Отель-Аэропорт;Kemer;Аэропорт Antalya;Индивидуальный трансфер отель - аэропорт автобус (макс. 42 чел.);42;11.03.2024;31.03.2027;256;EUR
Отель-Аэропорт;Kemer;Аэропорт Antalya;Индивидуальный трансфер отель - аэропорт микроавтобус (без гида) (макс. 12 чел.);12;19.09.2024;31.03.2027;88;EUR
Отель-Аэропорт;Kemer;Аэропорт Antalya;Индивидуальный трансфер отель - аэропорт микроавтобус (с гидом) (макс. 12 чел.);12;01.01.2025;31.03.2027;106;EUR
Отель-Аэропорт;Kemer;Аэропорт Antalya;Индивидуальный трансфер отель - аэропорт MERCEDES VITO (без гида) (макс. 5 чел.);5;01.01.2025;31.03.2027;99;EUR
Отель-Аэропорт;Kemer;Аэропорт Antalya;Индивидуальный трансфер отель - аэропорт MERCEDES VITO (с гидом) (макс. 5 чел.);5;01.01.2025;31.03.2027;117;EUR
Отель-Аэропорт;Kemer;Аэропорт Antalya;Индивидуальный трансфер делюкс микроавтобус (без гида) (макс. 8 чел.);8;01.01.2025;31.03.2027;110;EUR
Отель-Аэропорт;Kemer;Аэропорт Antalya;Индивидуальный трансфер делюкс микроавтобус (с гидом) (макс. 8 чел.);8;01.01.2025;31.03.2027;128;EUR
Отель-Аэропорт;Kemer;Аэропорт Antalya;Индивидуальный трансфер отель - аэропорт BMW 3.20 (макс. 3 чел.);3;16.05.2025;31.03.2027;123;EUR
Отель-Аэропорт;Kemer;Аэропорт Antalya;Индивидуальный трансфер отель - аэропорт MERCEDES S 350 (макс. 3 чел.);3;16.05.2025;31.03.2027;345;EUR
Отель-Аэропорт;Kemer;Аэропорт Antalya;Индивидуальный трансфер отель - аэропорт BMW 5.20 (макс. 3 чел.);3;16.05.2025;31.03.2027;150;EUR
Отель-Аэропорт;Kemer;Аэропорт Antalya;Индивидуальный трансфер отель - аэропорт MERCEDES C 180 (макс. 3 чел.);3;16.05.2025;31.03.2027;123;EUR
Отель-Аэропорт;Kemer;Аэропорт Antalya;Индивидуальный трансфер отель - аэропорт MERCEDES S 500 (макс. 3 чел.);3;16.05.2025;31.03.2027;600;EUR
Отель-Аэропорт;Kemer;Аэропорт Antalya;Индивидуальный трансфер отель - аэропорт RANGE ROVER EVOQUE (макс. 1 чел.);1;16.05.2025;31.03.2027;378;EUR
Отель-Аэропорт;Kemer;Аэропорт Antalya;Индивидуальный трансфер отель - аэропорт MERCEDES E 180 (макс. 3 чел.);3;16.05.2025;31.03.2027;150;EUR
Отель-Аэропорт;Kemer;Аэропорт Antalya;Индивидуальный трансфер MERCEDES E 200 (макс. 3 чел.);3;16.05.2025;31.03.2027;311;EUR
Отель-Аэропорт;Marmaris;Аэропорт Antalya;Индивидуальный трансфер отель - аэропорт микроавтобус (с гидом) (макс. 12 чел.);12;01.01.2024;31.03.2026;372;EUR
Отель-Аэропорт;Marmaris;Аэропорт Antalya;Индивидуальный трансфер отель - аэропорт микроавтобус (без гида) (макс. 12 чел.);12;01.11.2024;31.03.2027;356;EUR
Отель-Аэропорт;Marmaris;Аэропорт Antalya;Индивидуальный трансфер отель - аэропорт MERCEDES VITO (с гидом) (макс. 5 чел.);5;01.01.2024;31.03.2027;433;EUR
Отель-Аэропорт;Marmaris;Аэропорт Antalya;Индивидуальный трансфер отель - аэропорт MERCEDES VITO (с гидом) (макс. 5 чел.);5;01.01.2024;31.03.2027;383;EUR
Отель-Аэропорт;Marmaris;Аэропорт Antalya;Индивидуальный трансфер отель - аэропорт MERCEDES VITO (без гида) (макс. 5 чел.);5;01.01.2024;31.03.2027;367;EUR
Отель-Аэропорт;Marmaris;Аэропорт Antalya;Индивидуальный трансфер делюкс микроавтобус (с гидом) (макс. 8 чел.);8;01.01.2024;31.03.2027;395;EUR
Отель-Аэропорт;Marmaris;Аэропорт Antalya;Индивидуальный трансфер делюкс микроавтобус (без гида) (макс. 8 чел.);8;01.11.2024;31.03.2027;433;EUR
Отель-Аэропорт;Olympos;Аэропорт Antalya;Индивидуальный трансфер отель - аэропорт микроавтобус (без гида) (макс. 12 чел.);12;01.01.2024;31.03.2027;133;EUR
Отель-Аэропорт;Olympos;Аэропорт Antalya;Индивидуальный трансфер отель - аэропорт MERCEDES VITO (без гида) (макс. 5 чел.);5;01.01.2024;31.03.2027;144;EUR
Отель-Аэропорт;Olympos;Аэропорт Antalya;Индивидуальный трансфер делюкс микроавтобус (без гида) (макс. 8 чел.);8;01.01.2024;31.03.2027;155;EUR
Отель-Аэропорт;Side;Аэропорт Antalya;Индивидуальный трансфер отель - аэропорт мидибас (макс. 20 чел.);20;11.03.2024;31.03.2027;245;EUR
Отель-Аэропорт;Side;Аэропорт Antalya;Индивидуальный трансфер отель - аэропорт автобус (макс. 42 чел.);42;11.03.2024;31.03.2027;378;EUR
Отель-Аэропорт;Side;Аэропорт Antalya;Индивидуальный трансфер отель - аэропорт BMW 3.20 (макс. 3 чел.);3;16.05.2025;31.03.2027;167;EUR
Отель-Аэропорт;Side;Аэропорт Antalya;Индивидуальный трансфер отель - аэропорт MERCEDES S 350 (макс. 3 чел.);3;16.05.2025;31.03.2027;411;EUR
Отель-Аэропорт;Side;Аэропорт Antalya;Индивидуальный трансфер отель - аэропорт BMW 5.20 (макс. 3 чел.);3;16.05.2025;31.03.2027;195;EUR
Отель-Аэропорт;Side;Аэропорт Antalya;Индивидуальный трансфер отель - аэропорт MERCEDES C 180 (макс. 3 чел.);3;16.05.2025;31.03.2027;167;EUR
Отель-Аэропорт;Side;Аэропорт Antalya;Индивидуальный трансфер отель - аэропорт MERCEDES S 500 (макс. 3 чел.);3;16.05.2025;31.03.2027;600;EUR
Отель-Аэропорт;Side;Аэропорт Antalya;Индивидуальный трансфер отель - аэропорт RANGE ROVER EVOQUE (макс. 1 чел.);1;16.05.2025;31.03.2027;456;EUR
Отель-Аэропорт;Side;Аэропорт Antalya;Индивидуальный трансфер отель - аэропорт MERCEDES E 180 (макс. 3 чел.);3;16.05.2025;31.03.2027;195;EUR
Отель-Аэропорт;Side;Аэропорт Antalya;Индивидуальный трансфер MERCEDES E 200 (макс. 3 чел.);3;16.05.2025;31.03.2027;389;EUR
Отель-Аэропорт;Alanya;Аэропорт Antalya;Индивидуальный трансфер отель - аэропорт микроавтобус (с гидом) (макс. 12 чел.);12;01.01.2025;31.03.2027;139;EUR
Отель-Аэропорт;Alanya;Аэропорт Antalya;Индивидуальный трансфер отель - аэропорт микроавтобус (без гида) (макс. 12 чел.);12;01.01.2025;31.03.2027;121;EUR
Отель-Аэропорт;Alanya;Аэропорт Antalya;Индивидуальный трансфер делюкс микроавтобус (без гида) (макс. 8 чел.);8;01.01.2025;31.03.2027;144;EUR
Отель-Аэропорт;Alanya;Аэропорт Antalya;Индивидуальный трансфер делюкс микроавтобус (с гидом) (макс. 8 чел.);8;01.01.2025;31.03.2027;161;EUR
Отель-Аэропорт;Alanya;Аэропорт Antalya;Индивидуальный трансфер отель - аэропорт MERCEDES VITO (с гидом) (макс. 5 чел.);5;01.01.2025;31.03.2027;150;EUR
Отель-Аэропорт;Alanya;Аэропорт Antalya;Индивидуальный трансфер отель - аэропорт MERCEDES VITO (без гида) (макс. 5 чел.);5;01.01.2025;31.03.2027;133;EUR
Отель-Аэропорт;Avsallar;Аэропорт Antalya;Индивидуальный трансфер отель - аэропорт микроавтобус (с гидом) (макс. 12 чел.);12;01.01.2025;31.03.2027;128;EUR
Отель-Аэропорт;Avsallar;Аэропорт Antalya;Индивидуальный трансфер отель - аэропорт микроавтобус (без гида) (макс. 12 чел.);12;01.01.2025;31.03.2027;110;EUR
Отель-Аэропорт;Avsallar;Аэропорт Antalya;Индивидуальный трансфер делюкс микроавтобус (без гида) (макс. 8 чел.);8;01.01.2025;31.03.2027;133;EUR
Отель-Аэропорт;Avsallar;Аэропорт Antalya;Индивидуальный трансфер делюкс микроавтобус (с гидом) (макс. 8 чел.);8;01.01.2025;31.03.2027;150;EUR
Отель-Аэропорт;Avsallar;Аэропорт Antalya;Индивидуальный трансфер отель - аэропорт MERCEDES VITO (с гидом) (макс. 5 чел.);5;01.01.2025;31.03.2027;139;EUR
Отель-Аэропорт;Avsallar;Аэропорт Antalya;Индивидуальный трансфер отель - аэропорт MERCEDES VITO (без гида) (макс. 5 чел.);5;01.01.2025;31.03.2027;121;EUR
Отель-Аэропорт;Cenger;Аэропорт Antalya;Индивидуальный трансфер отель - аэропорт микроавтобус (с гидом) (макс. 12 чел.);12;01.01.2025;31.03.2027;117;EUR
Отель-Аэропорт;Cenger;Аэропорт Antalya;Индивидуальный трансфер отель - аэропорт микроавтобус (без гида) (макс. 12 чел.);12;01.01.2025;31.03.2027;99;EUR
Отель-Аэропорт;Cenger;Аэропорт Antalya;Индивидуальный трансфер делюкс микроавтобус (без гида) (макс. 8 чел.);8;01.01.2025;31.03.2027;121;EUR
Отель-Аэропорт;Cenger;Аэропорт Antalya;Индивидуальный трансфер делюкс микроавтобус (с гидом) (макс. 8 чел.);8;01.01.2025;31.03.2027;139;EUR
Отель-Аэропорт;Cenger;Аэропорт Antalya;Индивидуальный трансфер отель - аэропорт MERCEDES VITO (с гидом) (макс. 5 чел.);5;01.01.2025;31.03.2027;128;EUR
Отель-Аэропорт;Cenger;Аэропорт Antalya;Индивидуальный трансфер отель - аэропорт MERCEDES VITO (без гида) (макс. 5 чел.);5;01.01.2025;31.03.2027;110;EUR
Отель-Аэропорт;Colakli;Аэропорт Antalya;Индивидуальный трансфер отель - аэропорт микроавтобус (без гида) (макс. 12 чел.);12;01.01.2025;31.03.2027;88;EUR
Отель-Аэропорт;Colakli;Аэропорт Antalya;Индивидуальный трансфер отель - аэропорт микроавтобус (с гидом) (макс. 12 чел.);12;01.01.2025;31.03.2027;106;EUR
Отель-Аэропорт;Colakli;Аэропорт Antalya;Индивидуальный трансфер отель - аэропорт MERCEDES VITO (без гида) (макс. 5 чел.);5;01.01.2025;31.03.2027;99;EUR
Отель-Аэропорт;Colakli;Аэропорт Antalya;Индивидуальный трансфер отель - аэропорт MERCEDES VITO (с гидом) (макс. 5 чел.);5;01.01.2025;31.03.2027;117;EUR
Отель-Аэропорт;Colakli;Аэропорт Antalya;Индивидуальный трансфер делюкс микроавтобус (без гида) (макс. 8 чел.);8;01.01.2025;31.03.2027;110;EUR
Отель-Аэропорт;Colakli;Аэропорт Antalya;Индивидуальный трансфер делюкс микроавтобус (с гидом) (макс. 8 чел.);8;01.01.2025;31.03.2027;128;EUR
Отель-Аэропорт;Demre;Аэропорт Antalya;Индивидуальный трансфер отель - аэропорт микроавтобус (без гида) (макс. 12 чел.);12;01.01.2024;31.03.2027;255;EUR
Отель-Аэропорт;Demre;Аэропорт Antalya;Индивидуальный трансфер делюкс микроавтобус (без гида) (макс. 8 чел.);8;01.01.2024;31.03.2027;277;EUR
Отель-Аэропорт;Demre;Аэропорт Antalya;Индивидуальный трансфер отель - аэропорт MERCEDES VITO (без гида) (макс. 5 чел.);5;01.01.2024;31.03.2027;266;EUR
Отель-Аэропорт;Demre;Аэропорт Antalya;Индивидуальный трансфер делюкс микроавтобус (с гидом) (макс. 8 чел.);8;01.01.2024;31.03.2027;295;EUR
Отель-Аэропорт;Demre;Аэропорт Antalya;Индивидуальный трансфер отель - аэропорт MERCEDES VITO (с гидом) (макс. 5 чел.);5;01.01.2024;31.03.2027;284;EUR
Отель-Аэропорт;Demre;Аэропорт Antalya;Индивидуальный трансфер отель - аэропорт микроавтобус (с гидом) (макс. 12 чел.);12;01.01.2024;31.03.2027;272;EUR
Отель-Аэропорт;Denizyaka;Аэропорт Antalya;Индивидуальный трансфер отель - аэропорт мидибас (макс. 20 чел.);20;11.03.2024;31.03.2027;156;EUR
Отель-Аэропорт;Denizyaka;Аэропорт Antalya;Индивидуальный трансфер отель - аэропорт автобус (макс. 42 чел.);42;11.03.2024;31.03.2027;222;EUR
Отель-Аэропорт;Denizyaka;Аэропорт Antalya;Индивидуальный трансфер отель - аэропорт микроавтобус (без гида) (макс. 12 чел.);12;01.01.2025;31.03.2027;88;EUR
Отель-Аэропорт;Denizyaka;Аэропорт Antalya;Индивидуальный трансфер отель - аэропорт микроавтобус (с гидом) (макс. 12 чел.);12;01.01.2025;31.03.2027;106;EUR
Отель-Аэропорт;Denizyaka;Аэропорт Antalya;Индивидуальный трансфер отель - аэропорт MERCEDES VITO (без гида) (макс. 5 чел.);5;01.01.2025;31.03.2027;99;EUR
Отель-Аэропорт;Denizyaka;Аэропорт Antalya;Индивидуальный трансфер отель - аэропорт MERCEDES VITO (с гидом) (макс. 5 чел.);5;01.01.2025;31.03.2027;117;EUR
Отель-Аэропорт;Denizyaka;Аэропорт Antalya;Индивидуальный трансфер делюкс микроавтобус (без гида) (макс. 8 чел.);8;01.01.2025;31.03.2027;110;EUR
Отель-Аэропорт;Denizyaka;Аэропорт Antalya;Индивидуальный трансфер делюкс микроавтобус (с гидом) (макс. 8 чел.);8;01.03.2025;31.03.2027;128;EUR
Отель-Аэропорт;Evrenseki;Аэропорт Antalya;Индивидуальный трансфер отель - аэропорт микроавтобус (без гида) (макс. 12 чел.);12;01.01.2025;31.03.2027;88;EUR
Отель-Аэропорт;Evrenseki;Аэропорт Antalya;Индивидуальный трансфер отель - аэропорт микроавтобус (с гидом) (макс. 12 чел.);12;01.01.2025;31.03.2027;106;EUR
Отель-Аэропорт;Evrenseki;Аэропорт Antalya;Индивидуальный трансфер отель - аэропорт MERCEDES VITO (без гида) (макс. 5 чел.);5;01.01.2025;31.03.2027;99;EUR
Отель-Аэропорт;Evrenseki;Аэропорт Antalya;Индивидуальный трансфер отель - аэропорт MERCEDES VITO (с гидом) (макс. 5 чел.);5;01.01.2025;31.03.2027;117;EUR
Отель-Аэропорт;Evrenseki;Аэропорт Antalya;Индивидуальный трансфер делюкс микроавтобус (без гида) (макс. 8 чел.);8;01.01.2025;31.03.2027;110;EUR
Отель-Аэропорт;Evrenseki;Аэропорт Antalya;Индивидуальный трансфер делюкс микроавтобус (с гидом) (макс. 8 чел.);8;01.01.2025;31.03.2027;128;EUR
Отель-Аэропорт;Gundogdu;Аэропорт Antalya;Индивидуальный трансфер отель - аэропорт микроавтобус (без гида) (макс. 12 чел.);12;01.01.2025;31.03.2027;88;EUR
Отель-Аэропорт;Gundogdu;Аэропорт Antalya;Индивидуальный трансфер отель - аэропорт микроавтобус (с гидом) (макс. 12 чел.);12;01.01.2025;31.03.2027;106;EUR
Отель-Аэропорт;Gundogdu;Аэропорт Antalya;Индивидуальный трансфер отель - аэропорт MERCEDES VITO (без гида) (макс. 5 чел.);5;01.01.2025;31.03.2027;99;EUR
Отель-Аэропорт;Gundogdu;Аэропорт Antalya;Индивидуальный трансфер отель - аэропорт MERCEDES VITO (с гидом) (макс. 5 чел.);5;01.01.2025;31.03.2027;117;EUR
Отель-Аэропорт;Gundogdu;Аэропорт Antalya;Индивидуальный трансфер делюкс микроавтобус (без гида) (макс. 8 чел.);8;01.01.2025;31.03.2027;110;EUR
Отель-Аэропорт;Gundogdu;Аэропорт Antalya;Индивидуальный трансфер делюкс микроавтобус (с гидом) (макс. 8 чел.);8;01.03.2025;31.03.2027;128;EUR
Отель-Аэропорт;Incekum;Аэропорт Antalya;Индивидуальный трансфер отель - аэропорт микроавтобус (без гида) (макс. 12 чел.);12;01.01.2025;31.03.2027;110;EUR
Отель-Аэропорт;Incekum;Аэропорт Antalya;Индивидуальный трансфер отель - аэропорт микроавтобус (с гидом) (макс. 12 чел.);12;01.01.2025;31.03.2027;128;EUR
Отель-Аэропорт;Incekum;Аэропорт Antalya;Индивидуальный трансфер делюкс микроавтобус (без гида) (макс. 8 чел.);8;01.01.2025;31.03.2027;133;EUR
Отель-Аэропорт;Incekum;Аэропорт Antalya;Индивидуальный трансфер делюкс микроавтобус (с гидом) (макс. 8 чел.);8;01.01.2025;31.03.2027;150;EUR
Отель-Аэропорт;Incekum;Аэропорт Antalya;Индивидуальный трансфер отель - аэропорт MERCEDES VITO (с гидом) (макс. 5 чел.);5;01.01.2025;31.03.2027;139;EUR
Отель-Аэропорт;Incekum;Аэропорт Antalya;Индивидуальный трансфер отель - аэропорт MERCEDES VITO (без гида) (макс. 5 чел.);5;01.01.2025;31.03.2027;121;EUR
Отель-Аэропорт;Kargicak;Аэропорт Antalya;Индивидуальный трансфер отель - аэропорт микроавтобус (с гидом) (макс. 12 чел.);12;01.01.2025;31.03.2027;139;EUR
Отель-Аэропорт;Kargicak;Аэропорт Antalya;Индивидуальный трансфер отель - аэропорт микроавтобус (без гида) (макс. 12 чел.);12;01.01.2025;31.03.2027;121;EUR
Отель-Аэропорт;Kargicak;Аэропорт Antalya;Индивидуальный трансфер делюкс микроавтобус (без гида) (макс. 8 чел.);8;01.01.2025;31.03.2027;144;EUR
Отель-Аэропорт;Kargicak;Аэропорт Antalya;Индивидуальный трансфер делюкс микроавтобус (с гидом) (макс. 8 чел.);8;01.01.2025;31.03.2027;161;EUR
Отель-Аэропорт;Kargicak;Аэропорт Antalya;Индивидуальный трансфер отель - аэропорт MERCEDES VITO (с гидом) (макс. 5 чел.);5;01.01.2025;31.03.2027;150;EUR
Отель-Аэропорт;Kargicak;Аэропорт Antalya;Индивидуальный трансфер отель - аэропорт MERCEDES VITO (без гида) (макс. 5 чел.);5;01.01.2025;31.03.2027;133;EUR
Отель-Аэропорт;Kestel;Аэропорт Antalya;Индивидуальный трансфер отель - аэропорт микроавтобус (с гидом) (макс. 12 чел.);12;01.01.2025;31.03.2027;139;EUR
Отель-Аэропорт;Kestel;Аэропорт Antalya;Индивидуальный трансфер отель - аэропорт микроавтобус (без гида) (макс. 12 чел.);12;01.01.2025;31.03.2027;121;EUR
Отель-Аэропорт;Kestel;Аэропорт Antalya;Индивидуальный трансфер делюкс микроавтобус (без гида) (макс. 8 чел.);8;01.01.2025;31.03.2027;144;EUR
Отель-Аэропорт;Kestel;Аэропорт Antalya;Индивидуальный трансфер делюкс микроавтобус (с гидом) (макс. 8 чел.);8;01.01.2025;31.03.2027;161;EUR
Отель-Аэропорт;Kestel;Аэропорт Antalya;Индивидуальный трансфер отель - аэропорт MERCEDES VITO (без гида) (макс. 5 чел.);5;01.01.2025;31.03.2027;133;EUR
Отель-Аэропорт;Kestel;Аэропорт Antalya;Индивидуальный трансфер отель - аэропорт MERCEDES VITO (с гидом) (макс. 5 чел.);5;01.01.2025;31.03.2027;150;EUR
Отель-Аэропорт;Kizilagac;Аэропорт Antalya;Индивидуальный трансфер отель - аэропорт микроавтобус (с гидом) (макс. 12 чел.);12;01.01.2025;31.03.2027;117;EUR
Отель-Аэропорт;Kizilagac;Аэропорт Antalya;Индивидуальный трансфер отель - аэропорт микроавтобус (без гида) (макс. 12 чел.);12;01.01.2025;31.03.2027;99;EUR
Отель-Аэропорт;Kizilagac;Аэропорт Antalya;Индивидуальный трансфер делюкс микроавтобус (без гида) (макс. 8 чел.);8;01.01.2025;31.03.2027;121;EUR
Отель-Аэропорт;Kizilagac;Аэропорт Antalya;Индивидуальный трансфер делюкс микроавтобус (с гидом) (макс. 8 чел.);8;01.01.2025;31.03.2027;139;EUR
Отель-Аэропорт;Kizilagac;Аэропорт Antalya;Индивидуальный трансфер отель - аэропорт MERCEDES VITO (с гидом) (макс. 5 чел.);5;01.01.2025;31.03.2027;128;EUR
Отель-Аэропорт;Kizilagac;Аэропорт Antalya;Индивидуальный трансфер отель - аэропорт MERCEDES VITO (без гида) (макс. 5 чел.);5;01.01.2025;31.03.2027;110;EUR
Отель-Аэропорт;Kizilot;Аэропорт Antalya;Индивидуальный трансфер отель - аэропорт микроавтобус (с гидом) (макс. 12 чел.);12;01.01.2025;31.03.2027;117;EUR
Отель-Аэропорт;Kizilot;Аэропорт Antalya;Индивидуальный трансфер отель - аэропорт микроавтобус (без гида) (макс. 12 чел.);12;01.01.2025;31.03.2027;99;EUR
Отель-Аэропорт;Kizilot;Аэропорт Antalya;Индивидуальный трансфер делюкс микроавтобус (без гида) (макс. 8 чел.);8;01.01.2025;31.03.2027;121;EUR
Отель-Аэропорт;Kizilot;Аэропорт Antalya;Индивидуальный трансфер делюкс микроавтобус (с гидом) (макс. 8 чел.);8;01.01.2025;31.03.2027;139;EUR
Отель-Аэропорт;Kizilot;Аэропорт Antalya;Индивидуальный трансфер отель - аэропорт MERCEDES VITO (с гидом) (макс. 5 чел.);5;01.01.2025;31.03.2027;128;EUR
Отель-Аэропорт;Kizilot;Аэропорт Antalya;Индивидуальный трансфер отель - аэропорт MERCEDES VITO (без гида) (макс. 5 чел.);5;01.01.2025;31.03.2027;110;EUR
Отель-Аэропорт;Konakli;Аэропорт Antalya;Индивидуальный трансфер отель - аэропорт микроавтобус (с гидом) (макс. 12 чел.);12;01.01.2025;31.03.2027;128;EUR
Отель-Аэропорт;Konakli;Аэропорт Antalya;Индивидуальный трансфер отель - аэропорт микроавтобус (без гида) (макс. 12 чел.);12;01.01.2025;31.03.2027;110;EUR
Отель-Аэропорт;Konakli;Аэропорт Antalya;Индивидуальный трансфер делюкс микроавтобус (без гида) (макс. 8 чел.);8;01.01.2025;31.03.2027;133;EUR
Отель-Аэропорт;Konakli;Аэропорт Antalya;Индивидуальный трансфер делюкс микроавтобус (с гидом) (макс. 8 чел.);8;01.01.2025;31.03.2027;150;EUR
Отель-Аэропорт;Konakli;Аэропорт Antalya;Индивидуальный трансфер отель - аэропорт MERCEDES VITO (с гидом) (макс. 5 чел.);5;01.01.2025;31.03.2027;139;EUR
Отель-Аэропорт;Kumkoy;Аэропорт Antalya;Индивидуальный трансфер отель - аэропорт микроавтобус (без гида) (макс. 12 чел.);12;01.01.2025;31.03.2027;88;EUR
Отель-Аэропорт;Kumkoy;Аэропорт Antalya;Индивидуальный трансфер отель - аэропорт микроавтобус (с гидом) (макс. 12 чел.);12;01.01.2025;31.03.2027;106;EUR
Отель-Аэропорт;Kumkoy;Аэропорт Antalya;Индивидуальный трансфер отель - аэропорт MERCEDES VITO (без гида) (макс. 5 чел.);5;01.01.2025;31.03.2027;99;EUR
Отель-Аэропорт;Kumkoy;Аэропорт Antalya;Индивидуальный трансфер отель - аэропорт MERCEDES VITO (с гидом) (макс. 5 чел.);5;01.01.2025;31.03.2027;117;EUR
Отель-Аэропорт;Kumkoy;Аэропорт Antalya;Индивидуальный трансфер делюкс микроавтобус (без гида) (макс. 8 чел.);8;01.01.2025;31.03.2027;110;EUR
Отель-Аэропорт;Kumkoy;Аэропорт Antalya;Индивидуальный трансфер делюкс микроавтобус (с гидом) (макс. 8 чел.);8;01.01.2025;31.03.2027;128;EUR
Отель-Аэропорт;Mahmutlar;Аэропорт Antalya;Индивидуальный трансфер отель - аэропорт микроавтобус (с гидом) (макс. 12 чел.);12;01.01.2025;31.03.2027;139;EUR
Отель-Аэропорт;Mahmutlar;Аэропорт Antalya;Индивидуальный трансфер отель - аэропорт микроавтобус (без гида) (макс. 12 чел.);12;01.01.2025;31.03.2027;121;EUR
Отель-Аэропорт;Mahmutlar;Аэропорт Antalya;Индивидуальный трансфер делюкс микроавтобус (без гида) (макс. 8 чел.);8;01.01.2025;31.03.2027;144;EUR
Отель-Аэропорт;Mahmutlar;Аэропорт Antalya;Индивидуальный трансфер делюкс микроавтобус (с гидом) (макс. 8 чел.);8;01.01.2025;31.03.2027;161;EUR
Отель-Аэропорт;Mahmutlar;Аэропорт Antalya;Индивидуальный трансфер отель - аэропорт MERCEDES VITO (с гидом) (макс. 5 чел.);5;01.01.2025;31.03.2027;150;EUR
Отель-Аэропорт;Mahmutlar;Аэропорт Antalya;Индивидуальный трансфер отель - аэропорт MERCEDES VITO (без гида) (макс. 5 чел.);5;01.01.2025;31.03.2027;133;EUR
Отель-Аэропорт;Manavgat;Аэропорт Antalya;Индивидуальный трансфер отель - аэропорт микроавтобус (без гида) (макс. 12 чел.);12;01.01.2025;31.03.2027;88;EUR
Отель-Аэропорт;Manavgat;Аэропорт Antalya;Индивидуальный трансфер отель - аэропорт микроавтобус (с гидом) (макс. 12 чел.);12;01.01.2025;31.03.2027;106;EUR
Отель-Аэропорт;Manavgat;Аэропорт Antalya;Индивидуальный трансфер отель - аэропорт MERCEDES VITO (без гида) (макс. 5 чел.);5;01.01.2025;31.03.2027;99;EUR
Отель-Аэропорт;Manavgat;Аэропорт Antalya;Индивидуальный трансфер отель - аэропорт MERCEDES VITO (с гидом) (макс. 5 чел.);5;01.01.2025;31.03.2027;117;EUR
Отель-Аэропорт;Manavgat;Аэропорт Antalya;Индивидуальный трансфер делюкс микроавтобус (без гида) (макс. 8 чел.);8;01.01.2025;31.03.2027;110;EUR
Отель-Аэропорт;Manavgat;Аэропорт Antalya;Индивидуальный трансфер делюкс микроавтобус (с гидом) (макс. 8 чел.);8;01.01.2025;31.03.2027;128;EUR
Отель-Аэропорт;Obagol;Аэропорт Antalya;Индивидуальный трансфер отель - аэропорт микроавтобус (с гидом) (макс. 12 чел.);12;01.01.2025;31.03.2027;139;EUR
Отель-Аэропорт;Obagol;Аэропорт Antalya;Индивидуальный трансфер отель - аэропорт микроавтобус (без гида) (макс. 12 чел.);12;01.01.2025;31.03.2027;121;EUR
Отель-Аэропорт;Obagol;Аэропорт Antalya;Индивидуальный трансфер делюкс микроавтобус (без гида) (макс. 8 чел.);8;01.01.2025;31.03.2027;144;EUR
Отель-Аэропорт;Obagol;Аэропорт Antalya;Индивидуальный трансфер делюкс микроавтобус (с гидом) (макс. 8 чел.);8;01.01.2025;31.03.2027;161;EUR
Отель-Аэропорт;Obagol;Аэропорт Antalya;Индивидуальный трансфер отель - аэропорт MERCEDES VITO (с гидом) (макс. 5 чел.);5;01.01.2025;31.03.2027;150;EUR
Отель-Аэропорт;Obagol;Аэропорт Antalya;Индивидуальный трансфер отель - аэропорт MERCEDES VITO (без гида) (макс. 5 чел.);5;01.01.2025;31.03.2027;133;EUR
Отель-Аэропорт;Okurcalar;Аэропорт Antalya;Индивидуальный трансфер отель - аэропорт микроавтобус (с гидом) (макс. 12 чел.);12;01.01.2025;31.03.2027;128;EUR
Отель-Аэропорт;Okurcalar;Аэропорт Antalya;Индивидуальный трансфер отель - аэропорт микроавтобус (без гида) (макс. 12 чел.);12;01.01.2025;31.03.2027;110;EUR
Отель-Аэропорт;Okurcalar;Аэропорт Antalya;Индивидуальный трансфер делюкс микроавтобус (без гида) (макс. 8 чел.);8;01.01.2025;31.03.2027;133;EUR
Отель-Аэропорт;Okurcalar;Аэропорт Antalya;Индивидуальный трансфер делюкс микроавтобус (с гидом) (макс. 8 чел.);8;01.01.2025;31.03.2027;150;EUR
Отель-Аэропорт;Okurcalar;Аэропорт Antalya;Индивидуальный трансфер отель - аэропорт MERCEDES VITO (с гидом) (макс. 5 чел.);5;01.01.2025;31.03.2027;139;EUR
Отель-Аэропорт;Okurcalar;Аэропорт Antalya;Индивидуальный трансфер отель - аэропорт MERCEDES VITO (без гида) (макс. 5 чел.);5;01.01.2025;31.03.2027;121;EUR
Отель-Аэропорт;Side;Аэропорт Antalya;Индивидуальный трансфер отель - аэропорт микроавтобус (без гида) (макс. 12 чел.);12;01.01.2025;31.03.2027;88;EUR
Отель-Аэропорт;Side;Аэропорт Antalya;Индивидуальный трансфер отель - аэропорт микроавтобус (с гидом) (макс. 12 чел.);12;01.01.2025;31.03.2027;106;EUR
Отель-Аэропорт;Side;Аэропорт Antalya;Индивидуальный трансфер отель - аэропорт MERCEDES VITO (без гида) (макс. 5 чел.);5;01.01.2025;31.03.2027;99;EUR
Отель-Аэропорт;Side;Аэропорт Antalya;Индивидуальный трансфер отель - аэропорт MERCEDES VITO (с гидом) (макс. 5 чел.);5;01.01.2025;31.03.2027;117;EUR
Отель-Аэропорт;Side;Аэропорт Antalya;Индивидуальный трансфер делюкс микроавтобус (без гида) (макс. 8 чел.);8;01.01.2025;31.03.2027;110;EUR
Отель-Аэропорт;Side;Аэропорт Antalya;Индивидуальный трансфер делюкс микроавтобус (с гидом) (макс. 8 чел.);8;01.01.2025;31.03.2027;128;EUR
Отель-Аэропорт;Sorgun;Аэропорт Antalya;Индивидуальный трансфер отель - аэропорт микроавтобус (без гида) (макс. 12 чел.);12;01.01.2025;31.03.2027;88;EUR
Отель-Аэропорт;Sorgun;Аэропорт Antalya;Индивидуальный трансфер отель - аэропорт микроавтобус (с гидом) (макс. 12 чел.);12;01.01.2025;31.03.2027;106;EUR
Отель-Аэропорт;Sorgun;Аэропорт Antalya;Индивидуальный трансфер отель - аэропорт MERCEDES VITO (без гида) (макс. 5 чел.);5;01.01.2025;31.03.2027;99;EUR
Отель-Аэропорт;Sorgun;Аэропорт Antalya;Индивидуальный трансфер отель - аэропорт MERCEDES VITO (с гидом) (макс. 5 чел.);5;01.01.2025;31.03.2027;117;EUR
Отель-Аэропорт;Sorgun;Аэропорт Antalya;Индивидуальный трансфер делюкс микроавтобус (без гида) (макс. 8 чел.);8;01.01.2025;31.03.2027;110;EUR
Отель-Аэропорт;Sorgun;Аэропорт Antalya;Индивидуальный трансфер делюкс микроавтобус (с гидом) (макс. 8 чел.);8;01.01.2025;31.03.2027;128;EUR
Отель-Аэропорт;Titreyengol;Аэропорт Antalya;Индивидуальный трансфер отель - аэропорт микроавтобус (без гида) (макс. 12 чел.);12;01.01.2025;31.03.2027;88;EUR
Отель-Аэропорт;Titreyengol;Аэропорт Antalya;Индивидуальный трансфер отель - аэропорт микроавтобус (с гидом) (макс. 12 чел.);12;01.01.2025;31.03.2027;106;EUR
Отель-Аэропорт;Titreyengol;Аэропорт Antalya;Индивидуальный трансфер отель - аэропорт MERCEDES VITO (без гида) (макс. 5 чел.);5;01.01.2025;31.03.2027;99;EUR
Отель-Аэропорт;Titreyengol;Аэропорт Antalya;Индивидуальный трансфер отель - аэропорт MERCEDES VITO (с гидом) (макс. 5 чел.);5;01.01.2025;31.03.2027;117;EUR
Отель-Аэропорт;Titreyengol;Аэропорт Antalya;Индивидуальный трансфер делюкс микроавтобус (без гида) (макс. 8 чел.);8;01.01.2025;31.03.2027;110;EUR
Отель-Аэропорт;Titreyengol;Аэропорт Antalya;Индивидуальный трансфер делюкс микроавтобус (с гидом) (макс. 8 чел.);8;01.01.2025;31.03.2027;128;EUR
Отель-Аэропорт;Tosmur;Аэропорт Antalya;Индивидуальный трансфер отель - аэропорт микроавтобус (с гидом) (макс. 12 чел.);12;01.01.2025;31.03.2027;139;EUR
Отель-Аэропорт;Tosmur;Аэропорт Antalya;Индивидуальный трансфер отель - аэропорт микроавтобус (без гида) (макс. 12 чел.);12;01.01.2025;31.03.2027;121;EUR
Отель-Аэропорт;Tosmur;Аэропорт Antalya;Индивидуальный трансфер делюкс микроавтобус (без гида) (макс. 8 чел.);8;01.01.2025;31.03.2027;144;EUR
Отель-Аэропорт;Tosmur;Аэропорт Antalya;Индивидуальный трансфер делюкс микроавтобус (с гидом) (макс. 8 чел.);8;01.01.2025;31.03.2027;161;EUR
Отель-Аэропорт;Tosmur;Аэропорт Antalya;Индивидуальный трансфер отель - аэропорт MERCEDES VITO (с гидом) (макс. 5 чел.);5;01.01.2025;31.03.2027;150;EUR
Отель-Аэропорт;Tosmur;Аэропорт Antalya;Индивидуальный трансфер отель - аэропорт MERCEDES VITO (без гида) (макс. 5 чел.);5;01.01.2025;31.03.2027;133;EUR
Отель-Аэропорт;Turkler;Аэропорт Antalya;Индивидуальный трансфер отель - аэропорт микроавтобус (с гидом) (макс. 12 чел.);12;01.01.2025;31.03.2027;128;EUR
Отель-Аэропорт;Turkler;Аэропорт Antalya;Индивидуальный трансфер отель - аэропорт микроавтобус (без гида) (макс. 12 чел.);12;01.01.2025;31.03.2027;110;EUR
Отель-Аэропорт;Turkler;Аэропорт Antalya;Индивидуальный трансфер делюкс микроавтобус (без гида) (макс. 8 чел.);8;01.01.2025;31.03.2027;133;EUR
Отель-Аэропорт;Turkler;Аэропорт Antalya;Индивидуальный трансфер делюкс микроавтобус (с гидом) (макс. 8 чел.);8;01.01.2025;31.03.2027;150;EUR
Отель-Аэропорт;Turkler;Аэропорт Antalya;Индивидуальный трансфер отель - аэропорт MERCEDES VITO (с гидом) (макс. 5 чел.);5;01.01.2025;31.03.2027;139;EUR
Отель-Аэропорт;Turkler;Аэропорт Antalya;Индивидуальный трансфер отель - аэропорт MERCEDES VITO (без гида) (макс. 5 чел.);5;01.01.2025;31.03.2027;121;EUR
Аэропорт-Отель;Аэропорт Antalya;Dalaman;Индивидуальный трансфер аэропорт - отель делюкс микроавтобус + NAME BOARD + PORTER SERVICE (с гидом) (макс. 8 чел.);8;01.09.2025;31.03.2027;433;EUR
Аэропорт-Отель;Аэропорт Antalya;Fethiye;Индивидуальный трансфер аэропорт - отель делюкс микроавтобус + NAME BOARD + PORTER SERVICE (с гидом) (макс. 8 чел.);8;01.09.2025;31.03.2027;406;EUR
Аэропорт-Отель;Аэропорт Antalya;Marmaris;Индивидуальный трансфер аэропорт - отель делюкс микроавтобус + NAME BOARD + PORTER SERVICE (с гидом) (макс. 8 чел.);8;01.09.2025;31.03.2027;456;EUR
Аэропорт-Отель;Аэропорт Antalya;Kemer;Индивидуальный трансфер MERCEDES E 200 (макс. 3 чел.);3;16.05.2025;31.03.2027;311;EUR
Аэропорт-Отель;Аэропорт Antalya;Belek;Индивидуальный трансфер MERCEDES E 200 (макс. 3 чел.);3;16.05.2025;31.03.2027;322;EUR
Аэропорт-Отель;Аэропорт Antalya;Side;Индивидуальный трансфер MERCEDES E 200 (макс. 3 чел.);3;16.05.2025;31.03.2027;389;EUR
Аэропорт-Отель;Аэропорт Antalya;Alanya;Индивидуальный трансфер MERCEDES E 200 (макс. 3 чел.);3;16.05.2025;31.03.2027;500;EUR
Отель-Отель;Alanya;Alanya;Индивидуальный SUB трансфер отель - отель 1-12 чел.;12;06.11.2024;31.03.2027;61;EUR
Отель-Отель;Alanya;Antalya;Индивидуальный SUB трансфер отель - отель 1-12 чел.;12;06.11.2024;31.03.2027;167;EUR
Отель-Отель;Alanya;Belek;Индивидуальный SUB трансфер отель - отель 1-12 чел.;12;06.11.2024;31.03.2027;128;EUR
Отель-Отель;Alanya;Kemer;Индивидуальный SUB трансфер отель - отель 1-12 чел.;12;06.11.2024;31.03.2027;239;EUR
Отель-Отель;Alanya;Side;Индивидуальный SUB трансфер отель - отель 1-12 чел.;12;06.11.2024;31.03.2027;103;EUR
Отель-Отель;Alanya;Alanya;Индивидуальный SUB трансфер отель - отель 19-24 чел. ;24;06.11.2024;31.03.2027;200;EUR
Отель-Отель;Alanya;Antalya;Индивидуальный SUB трансфер отель - отель 19-24 чел. ;24;01.01.2025;31.03.2027;339;EUR
Отель-Отель;Alanya;Belek;Индивидуальный SUB трансфер отель - отель 19-24 чел. ;24;06.11.2024;31.03.2027;322;EUR
Отель-Отель;Alanya;Kemer;Индивидуальный SUB трансфер отель - отель 19-24 чел. ;24;06.11.2024;31.03.2027;472;EUR
Отель-Отель;Alanya;Side;Индивидуальный SUB трансфер отель - отель 19-24 чел. ;24;06.11.2024;31.03.2027;245;EUR
Отель-Отель;Alanya;Alanya;Индивидуальный SUB трансфер отель - отель 25-42 чел. ;42;06.11.2024;31.03.2027;300;EUR
Отель-Отель;Alanya;Antalya;Индивидуальный SUB трансфер отель - отель 25-42 чел. ;42;06.11.2024;31.03.2027;489;EUR
Отель-Отель;Alanya;Belek;Индивидуальный SUB трансфер отель - отель 25-42 чел. ;42;06.11.2024;31.03.2027;461;EUR
Отель-Отель;Alanya;Kemer;Индивидуальный SUB трансфер отель - отель 25-42 чел. ;42;06.11.2024;31.03.2027;655;EUR
Отель-Отель;Alanya;Side;Индивидуальный SUB трансфер отель - отель 25-42 чел. ;42;06.11.2024;31.03.2027;367;EUR
Отель-Отель;Antalya;Alanya;Индивидуальный SUB трансфер отель - отель 1-12 чел.;12;06.11.2024;31.03.2027;167;EUR
Отель-Отель;Antalya;Antalya;Индивидуальный SUB трансфер отель - отель 1-12 чел.;12;06.11.2024;31.03.2027;56;EUR
Отель-Отель;Antalya;Belek;Индивидуальный SUB трансфер отель - отель 1-12 чел.;12;06.11.2024;31.03.2027;100;EUR
Отель-Отель;Antalya;Kemer;Индивидуальный SUB трансфер отель - отель 1-12 чел.;12;06.11.2024;31.03.2027;111;EUR
Отель-Отель;Antalya;Side;Индивидуальный SUB трансфер отель - отель 1-12 чел.;12;06.11.2024;31.03.2027;117;EUR
Отель-Отель;Antalya;Alanya;Индивидуальный SUB трансфер отель - отель 19-24 чел. ;24;06.11.2024;31.03.2027;339;EUR
Отель-Отель;Antalya;Alanya;Индивидуальный SUB трансфер отель - отель 25-42 чел. ;42;06.11.2024;31.03.2027;489;EUR
Отель-Отель;Antalya;Antalya;Индивидуальный SUB трансфер отель - отель 19-24 чел. ;24;06.11.2024;31.03.2027;167;EUR
Отель-Отель;Antalya;Antalya;Индивидуальный SUB трансфер отель - отель 25-42 чел. ;42;06.11.2024;31.03.2027;267;EUR
Отель-Отель;Antalya;Belek;Индивидуальный SUB трансфер отель - отель 19-24 чел. ;24;06.11.2024;31.03.2027;211;EUR
Отель-Отель;Antalya;Belek;Индивидуальный SUB трансфер отель - отель 25-42 чел. ;42;06.11.2024;31.03.2027;328;EUR
Отель-Отель;Antalya;Kemer;Индивидуальный SUB трансфер отель - отель 19-24 чел. ;24;06.11.2024;31.03.2027;245;EUR
Отель-Отель;Antalya;Kemer;Индивидуальный SUB трансфер отель - отель 25-42 чел. ;42;06.11.2024;31.03.2027;367;EUR
Отель-Отель;Antalya;Side;Индивидуальный SUB трансфер отель - отель 19-24 чел. ;24;06.11.2024;31.03.2027;267;EUR
Отель-Отель;Antalya;Side;Индивидуальный SUB трансфер отель - отель 25-42 чел. ;42;06.11.2024;31.03.2027;394;EUR
Отель-Отель;Antalya;Bodrum;Индивидуальный SUB трансфер отель - отель 1-12 чел.;12;01.01.2024;31.03.2026;666;EUR
Отель-Отель;Belek;Belek;Индивидуальный SUB трансфер отель - отель 1-12 чел.;12;06.11.2024;31.03.2027;56;EUR
Отель-Отель;Belek;Alanya;Индивидуальный SUB трансфер отель - отель 25-42 чел. ;42;06.11.2024;31.03.2027;460;EUR
Отель-Отель;Belek;Belek;Индивидуальный SUB трансфер отель - отель 19-24 чел. ;24;06.11.2024;31.03.2027;152;EUR
Отель-Отель;Belek;Belek;Индивидуальный SUB трансфер отель - отель 25-42 чел. ;42;06.11.2024;31.03.2027;248;EUR
Отель-Отель;Belek;Kemer;Индивидуальный SUB трансфер отель - отель 25-42 чел. ;42;06.11.2024;31.03.2027;420;EUR
Отель-Отель;Belek;Side;Индивидуальный SUB трансфер отель - отель 25-42 чел. ;42;06.11.2024;31.03.2027;364;EUR
Отель-Отель;Belek;Bodrum;Индивидуальный SUB трансфер отель - отель 1-12 чел.;12;01.01.2024;31.03.2026;666;EUR
Отель-Отель;Belek;Antalya;Индивидуальный SUB трансфер отель - отель 1-12 чел.;12;06.11.2024;31.03.2027;100;EUR
Отель-Отель;Belek;Kemer;Индивидуальный SUB трансфер отель - отель 1-12 чел.;12;06.11.2024;31.03.2027;161;EUR
Отель-Отель;Belek;Kemer;Индивидуальный SUB трансфер отель - отель 19-24 чел. ;24;06.11.2024;31.03.2027;289;EUR
Отель-Отель;Belek;Antalya;Индивидуальный SUB трансфер отель - отель 19-24 чел. ;24;06.11.2024;31.03.2027;211;EUR
Отель-Отель;Belek;Antalya;Индивидуальный SUB трансфер отель - отель 25-42 чел. ;42;06.11.2024;31.03.2027;328;EUR
Отель-Отель;Belek;Alanya;Индивидуальный SUB трансфер отель - отель 1-12 чел.;12;06.11.2024;31.03.2027;128;EUR
Отель-Отель;Belek;Alanya;Индивидуальный SUB трансфер отель - отель 19-24 чел. ;24;06.11.2024;31.03.2027;322;EUR
Отель-Отель;Belek;Side;Индивидуальный SUB трансфер отель - отель 1-12 чел.;12;06.11.2024;31.03.2027;103;EUR
Отель-Отель;Belek;Side;Индивидуальный SUB трансфер отель - отель 19-24 чел. ;24;06.11.2024;31.03.2027;245;EUR
Отель-Отель;Belek;Kemer;Индивидуальный трансфер отель - отель RANGE ROVER VOGUE (макс. 10 чел.);10;25.04.2025;31.03.2027;838;EUR
Отель-Отель;Bodrum;Antalya;Индивидуальный SUB трансфер отель - отель 1-12 чел.;12;01.01.2024;31.03.2026;666;EUR
Отель-Отель;Bodrum;Belek;Индивидуальный SUB трансфер отель - отель 1-12 чел.;12;01.01.2024;31.03.2026;666;EUR
Отель-Отель;Bodrum;Fethiye;Индивидуальный SUB трансфер отель - отель 1-12 чел.;12;01.04.2025;31.03.2026;389;EUR
Отель-Отель;Dalaman;Fethiye;Индивидуальный SUB трансфер отель - отель 1-12 чел.;12;01.11.2024;31.03.2026;167;EUR
Отель-Отель;Dalaman;Oludeniz;Индивидуальный SUB трансфер отель - отель 1-12 чел.;12;01.11.2024;31.03.2026;216;EUR
Отель-Отель;Dalaman;Marmaris;Индивидуальный SUB трансфер отель - отель 1-12 чел.;12;01.11.2024;31.03.2026;200;EUR
Отель-Отель;Didim;Kusadasi;Индивидуальный SUB трансфер отель - отель 1-12 чел.;12;01.01.2024;31.03.2026;167;EUR
Отель-Отель;Didim;Ozdere;Индивидуальный SUB трансфер отель - отель 1-12 чел.;12;01.01.2024;31.03.2026;222;EUR
Отель-Отель;Fethiye;Oludeniz;Индивидуальный SUB трансфер отель - отель 1-12 чел.;12;01.11.2024;31.03.2026;117;EUR
Отель-Отель;Fethiye;Dalaman;Индивидуальный SUB трансфер отель - отель 1-12 чел.;12;01.11.2024;31.03.2026;167;EUR
Отель-Отель;Fethiye;Marmaris;Индивидуальный SUB трансфер отель - отель 1-12 чел.;12;01.11.2024;31.03.2026;244;EUR
Отель-Отель;Kemer;Alanya;Индивидуальный SUB трансфер отель - отель 1-12 чел.;12;06.11.2024;31.03.2027;239;EUR
Отель-Отель;Kemer;Antalya;Индивидуальный SUB трансфер отель - отель 1-12 чел.;12;06.11.2024;31.03.2027;111;EUR
Отель-Отель;Kemer;Belek;Индивидуальный SUB трансфер отель - отель 1-12 чел.;12;06.11.2024;31.03.2027;161;EUR
Отель-Отель;Kemer;Kemer;Индивидуальный SUB трансфер отель - отель 1-12 чел.;12;06.11.2024;31.03.2027;61;EUR
Отель-Отель;Kemer;Side;Индивидуальный SUB трансфер отель - отель 1-12 чел.;12;06.11.2024;31.03.2027;211;EUR
Отель-Отель;Kemer;Alanya;Индивидуальный SUB трансфер отель - отель 19-24 чел. ;24;06.11.2024;31.03.2027;472;EUR
Отель-Отель;Kemer;Antalya;Индивидуальный SUB трансфер отель - отель 19-24 чел. ;24;06.11.2024;31.03.2027;245;EUR
Отель-Отель;Kemer;Belek;Индивидуальный SUB трансфер отель - отель 19-24 чел. ;24;06.11.2024;31.03.2027;289;EUR
Отель-Отель;Kemer;Kemer;Индивидуальный SUB трансфер отель - отель 19-24 чел. ;24;06.11.2024;31.03.2027;184;EUR
Отель-Отель;Kemer;Side;Индивидуальный SUB трансфер отель - отель 19-24 чел. ;24;06.11.2024;31.03.2027;406;EUR
Отель-Отель;Kemer;Alanya;Индивидуальный SUB трансфер отель - отель 25-42 чел. ;42;06.11.2024;31.03.2027;655;EUR
Отель-Отель;Kemer;Antalya;Индивидуальный SUB трансфер отель - отель 25-42 чел. ;42;06.11.2024;31.03.2027;367;EUR
Отель-Отель;Kemer;Belek;Индивидуальный SUB трансфер отель - отель 25-42 чел. ;42;06.11.2024;31.03.2027;422;EUR
Отель-Отель;Kemer;Kemer;Индивидуальный SUB трансфер отель - отель 25-42 чел. ;42;06.11.2024;31.03.2027;289;EUR
Отель-Отель;Kemer;Side;Индивидуальный SUB трансфер отель - отель 25-42 чел. ;42;06.11.2024;31.03.2027;572;EUR
Отель-Отель;Kusadasi;Didim;Индивидуальный SUB трансфер отель - отель 1-12 чел.;12;01.01.2024;31.03.2026;167;EUR
Отель-Отель;Marmaris;Sarigerme;Индивидуальный SUB трансфер отель - отель 1-12 чел.;12;01.11.2024;31.03.2026;200;EUR
Отель-Отель;Marmaris;Fethiye;Индивидуальный SUB трансфер отель - отель 1-12 чел.;12;01.11.2024;31.03.2026;244;EUR
Отель-Отель;Marmaris;Oludeniz;Индивидуальный SUB трансфер отель - отель 1-12 чел.;12;01.11.2024;31.03.2026;294;EUR
Отель-Отель;Marmaris;Dalaman;Индивидуальный SUB трансфер отель - отель 1-12 чел.;12;01.11.2024;31.03.2026;200;EUR
Отель-Отель;Marmaris;Aksazlar;Индивидуальный SUB трансфер отель - отель 1-12 чел.;12;01.11.2024;31.03.2026;294;EUR
Отель-Отель;Marmaris;Marmaris;Индивидуальный SUB трансфер отель - отель 1-12 чел.;12;01.11.2024;31.03.2026;56;EUR
Отель-Отель;Ozdere;Didim;Индивидуальный SUB трансфер отель - отель 1-12 чел.;12;01.01.2024;31.03.2026;222;EUR
Отель-Отель;Side;Alanya;Индивидуальный SUB трансфер отель - отель 1-12 чел.;12;06.11.2024;31.03.2027;103;EUR
Отель-Отель;Side;Antalya;Индивидуальный SUB трансфер отель - отель 1-12 чел.;12;06.11.2024;31.03.2027;117;EUR
Отель-Отель;Side;Belek;Индивидуальный SUB трансфер отель - отель 1-12 чел.;12;06.11.2024;31.03.2027;103;EUR
Отель-Отель;Side;Kemer;Индивидуальный SUB трансфер отель - отель 1-12 чел.;12;06.11.2024;31.03.2027;211;EUR
Отель-Отель;Side;Side;Индивидуальный SUB трансфер отель - отель 1-12 чел.;12;06.11.2024;31.03.2027;103;EUR
Отель-Отель;Side;Alanya;Индивидуальный SUB трансфер отель - отель 19-24 чел. ;24;06.11.2024;31.03.2027;245;EUR
Отель-Отель;Side;Antalya;Индивидуальный SUB трансфер отель - отель 19-24 чел. ;24;06.11.2024;31.03.2027;267;EUR
Отель-Отель;Side;Belek;Индивидуальный SUB трансфер отель - отель 19-24 чел. ;24;06.11.2024;31.03.2027;245;EUR
Отель-Отель;Side;Kemer;Индивидуальный SUB трансфер отель - отель 19-24 чел. ;24;06.11.2024;31.03.2027;406;EUR
Отель-Отель;Side;Side;Индивидуальный SUB трансфер отель - отель 19-24 чел. ;24;06.11.2024;31.03.2027;172;EUR
Отель-Отель;Side;Alanya;Индивидуальный SUB трансфер отель - отель 25-42 чел. ;42;06.11.2024;31.03.2027;367;EUR
Отель-Отель;Side;Antalya;Индивидуальный SUB трансфер отель - отель 25-42 чел. ;42;06.11.2024;31.03.2027;394;EUR
Отель-Отель;Side;Belek;Индивидуальный SUB трансфер отель - отель 25-42 чел. ;42;06.11.2024;31.03.2027;367;EUR
Отель-Отель;Side;Kemer;Индивидуальный SUB трансфер отель - отель 25-42 чел. ;42;06.11.2024;31.03.2027;572;EUR
Отель-Отель;Side;Side;Индивидуальный SUB трансфер отель - отель 25-42 чел. ;42;06.11.2024;31.03.2027;267;EUR
Отель-Отель;Aksazlar;Marmaris;Индивидуальный SUB трансфер отель - отель 1-12 чел.;12;01.11.2024;31.03.2026;294;EUR
Отель-Отель;Marmaris Icmeler;Marmaris Icmeler;Индивидуальный SUB трансфер отель - отель 1-12 чел.;12;01.11.2024;31.03.2026;56;EUR
Отель-Отель;Oludeniz;Fethiye;Индивидуальный SUB трансфер отель - отель 1-12 чел.;12;01.11.2024;31.03.2026;117;EUR
Отель-Отель;Oludeniz;Dalaman;Индивидуальный SUB трансфер отель - отель 1-12 чел.;12;01.11.2024;31.03.2026;216;EUR
Отель-Отель;Oludeniz;Marmaris;Индивидуальный SUB трансфер отель - отель 1-12 чел.;12;01.11.2024;31.03.2026;294;EUR
Отель-Отель;Sarigerme;Marmaris;Индивидуальный SUB трансфер отель - отель 1-12 чел.;12;01.11.2024;31.03.2026;200;EUR
Отель-Отель;Ozdere;Didim;Индивидуальный SUB трансфер отель - отель 1-12 чел.;12;1.04.2026;31.03.2027;222;EUR
Отель-Отель;Didim;Ozdere;Индивидуальный SUB трансфер отель - отель 1-12 чел.;12;1.04.2026;31.03.2027;222;EUR
Отель-Отель;Didim;Kusadasi;Индивидуальный SUB трансфер отель - отель 1-12 чел.;12;1.04.2026;31.03.2027;167;EUR
Отель-Отель;Kusadasi;Didim;Индивидуальный SUB трансфер отель - отель 1-12 чел.;12;1.04.2026;31.03.2027;167;EUR
Отель-Отель; Fethiye;Oludeniz;Индивидуальный SUB трансфер отель - отель 1-12 чел.;12;1.04.2026;31.03.2027;117;EUR
Отель-Отель;Oludeniz;Fethiye;Индивидуальный SUB трансфер отель - отель 1-12 чел.;12;1.04.2026;31.03.2027;117;EUR
Отель-Отель;Marmaris;Sarigerme;Индивидуальный SUB трансфер отель - отель 1-12 чел.;12;1.04.2026;31.03.2027;200;EUR
Отель-Отель;Sarigerme;Marmaris;Индивидуальный SUB трансфер отель - отель 1-12 чел.;12;1.04.2026;31.03.2027;200;EUR
Отель-Отель; Fethiye;Dalaman;Индивидуальный SUB трансфер отель - отель 1-12 чел.;12;1.04.2026;31.03.2027;167;EUR
Отель-Отель;Dalaman;Fethiye;Индивидуальный SUB трансфер отель - отель 1-12 чел.;12;1.04.2026;31.03.2027;167;EUR
Отель-Отель;Oludeniz;Dalaman;Индивидуальный SUB трансфер отель - отель 1-12 чел.;12;1.04.2026;31.03.2027;217;EUR
Отель-Отель;Dalaman;Oludeniz;Индивидуальный SUB трансфер отель - отель 1-12 чел.;12;1.04.2026;31.03.2027;217;EUR
Отель-Отель; Fethiye;Marmaris;Индивидуальный SUB трансфер отель - отель 1-12 чел.;12;1.04.2026;31.03.2027;245;EUR
Отель-Отель;Marmaris;Fethiye;Индивидуальный SUB трансфер отель - отель 1-12 чел.;12;1.04.2026;31.03.2027;245;EUR
Отель-Отель;Oludeniz;Marmaris;Индивидуальный SUB трансфер отель - отель 1-12 чел.;12;1.04.2026;31.03.2027;295;EUR
Отель-Отель;Marmaris;Oludeniz;Индивидуальный SUB трансфер отель - отель 1-12 чел.;12;1.04.2026;31.03.2027;295;EUR
Отель-Отель;Marmaris;Dalaman;Индивидуальный SUB трансфер отель - отель 1-12 чел.;12;1.04.2026;31.03.2027;200;EUR
Отель-Отель;Dalaman;Marmaris;Индивидуальный SUB трансфер отель - отель 1-12 чел.;12;1.04.2026;31.03.2027;200;EUR
Отель-Отель;Marmaris;Aksazlar;Индивидуальный SUB трансфер отель - отель 1-12 чел.;12;1.04.2026;31.03.2027;295;EUR
Отель-Отель;Aksazlar;Marmaris;Индивидуальный SUB трансфер отель - отель 1-12 чел.;12;1.04.2026;31.03.2027;295;EUR
Отель-Отель;Marmaris;Marmaris;Индивидуальный SUB трансфер отель - отель 1-12 чел.;12;1.04.2026;31.03.2027;56;EUR
Отель-Отель;Marmaris Icmeler;Marmaris Icmeler;Индивидуальный SUB трансфер отель - отель 1-12 чел.;12;1.04.2026;31.03.2027;56;EUR
Аэропорт-Отель-Аэропорт ;Аэропорт Dalaman;Dalaman;Индивидуальный трансфер микроавтобус (с гидом)(макс. 12 чел.);12;01.01.2024;31.03.2027;100;EUR
Аэропорт-Отель;Аэропорт Dalaman;Dalaman;Индивидуальный трансфер аэропорт - отель микроавтобус (с гидом) (макс. 12 чел.);12;01.01.2024;31.03.2027;50;EUR
Аэропорт-Отель-Аэропорт ;Аэропорт Dalaman;Marmaris;Индивидуальный трансфер микроавтобус (с гидом)(макс. 12 чел.);12;01.01.2024;31.03.2027;367;EUR
Аэропорт-Отель;Аэропорт Dalaman;Marmaris;Индивидуальный трансфер аэропорт - отель микроавтобус (с гидом) (макс. 12 чел.);12;01.01.2024;31.03.2027;184;EUR
Аэропорт-Отель-Аэропорт ;Аэропорт Dalaman;Dalyan;Индивидуальный трансфер микроавтобус (с гидом)(макс. 12 чел.);12;01.01.2024;31.03.2027;134;EUR
Аэропорт-Отель;Аэропорт Dalaman;Dalyan;Индивидуальный трансфер аэропорт - отель микроавтобус (с гидом) (макс. 12 чел.);12;01.01.2024;31.03.2027;67;EUR
Аэропорт-Отель-Аэропорт ;Аэропорт Dalaman;Oludeniz;Индивидуальный трансфер микроавтобус (с гидом)(макс. 12 чел.);12;01.01.2024;31.03.2027;356;EUR
Аэропорт-Отель;Аэропорт Dalaman;Oludeniz;Индивидуальный трансфер аэропорт - отель микроавтобус (с гидом) (макс. 12 чел.);12;01.01.2024;31.03.2027;178;EUR
Аэропорт-Отель-Аэропорт ;Аэропорт Dalaman;Sarigerme;Индивидуальный трансфер микроавтобус (с гидом)(макс. 12 чел.);12;01.01.2024;31.03.2027;100;EUR
Аэропорт-Отель;Аэропорт Dalaman;Sarigerme;Индивидуальный трансфер аэропорт - отель микроавтобус (с гидом) (макс. 12 чел.);12;01.01.2024;31.03.2027;50;EUR
Аэропорт-Отель-Аэропорт ;Аэропорт Dalaman;Fethiye;Индивидуальный трансфер микроавтобус (с гидом)(макс. 12 чел.);12;01.01.2024;31.03.2027;300;EUR
Аэропорт-Отель;Аэропорт Dalaman;Fethiye;Индивидуальный трансфер аэропорт - отель микроавтобус (с гидом) (макс. 12 чел.);12;01.01.2024;31.03.2027;150;EUR
Аэропорт-Отель-Аэропорт ;Аэропорт Dalaman;Marmaris Hisaronu;Индивидуальный трансфер микроавтобус (с гидом)(макс. 12 чел.);12;01.01.2024;31.03.2027;456;EUR
Аэропорт-Отель;Аэропорт Dalaman;Marmaris Hisaronu;Индивидуальный трансфер аэропорт - отель микроавтобус (с гидом) (макс. 12 чел.);12;01.01.2024;31.03.2027;228;EUR
Аэропорт-Отель-Аэропорт ;Аэропорт Dalaman;Turunc;Индивидуальный трансфер микроавтобус (с гидом)(макс. 12 чел.);12;01.01.2024;31.03.2027;456;EUR
Аэропорт-Отель;Аэропорт Dalaman;Turunc;Индивидуальный трансфер аэропорт - отель микроавтобус (с гидом) (макс. 12 чел.);12;01.01.2024;31.03.2027;228;EUR
Аэропорт-Отель-Аэропорт ;Аэропорт Dalaman;Yalancıbogaz;Индивидуальный трансфер микроавтобус (с гидом)(макс. 12 чел.);12;01.01.2024;31.03.2027;411;EUR
Аэропорт-Отель;Аэропорт Dalaman;Yalancıbogaz;Индивидуальный трансфер аэропорт - отель микроавтобус (с гидом) (макс. 12 чел.);12;01.01.2024;31.03.2027;206;EUR
Аэропорт-Отель-Аэропорт ;Аэропорт Dalaman;Bodrum;Индивидуальный трансфер микроавтобус (с гидом)(макс. 12 чел.);12;01.01.2024;31.03.2027;544;EUR
Аэропорт-Отель;Аэропорт Dalaman;Bodrum;Индивидуальный трансфер аэропорт - отель микроавтобус (с гидом) (макс. 12 чел.);12;01.01.2024;31.03.2027;272;EUR
Аэропорт-Отель-Аэропорт ;Аэропорт Dalaman;Didim;Индивидуальный трансфер микроавтобус (с гидом)(макс. 12 чел.);12;01.01.2024;31.03.2027;478;EUR
Аэропорт-Отель;Аэропорт Dalaman;Didim;Индивидуальный трансфер аэропорт - отель микроавтобус (с гидом) (макс. 12 чел.);12;01.01.2024;31.03.2027;239;EUR
Аэропорт-Отель-Аэропорт ;Аэропорт Dalaman;Datca;Индивидуальный трансфер микроавтобус (с гидом)(макс. 12 чел.);12;01.01.2024;31.03.2027;555;EUR
Аэропорт-Отель;Аэропорт Dalaman;Datca;Индивидуальный трансфер аэропорт - отель микроавтобус (с гидом) (макс. 12 чел.);12;01.01.2024;31.03.2027;278;EUR
Аэропорт-Отель;Аэропорт Dalaman;Kas;Индивидуальный трансфер аэропорт - отель микроавтобус (без гида) (макс. 12 чел.);12;01.11.2024;31.03.2027;195;EUR
Аэропорт-Отель;Аэропорт Dalaman;Kalkan;Индивидуальный трансфер аэропорт - отель микроавтобус (без гида) (макс. 12 чел.);12;01.11.2024;31.03.2027;206;EUR
Аэропорт-Отель;Аэропорт Dalaman;Dalaman;Индивидуальный трансфер аэропорт - отель микроавтобус (без гида) (макс. 12 чел.);12;01.11.2024;31.03.2027;39;EUR
Аэропорт-Отель;Аэропорт Dalaman;Fethiye;Индивидуальный трансфер аэропорт - отель микроавтобус (без гида) (макс. 12 чел.);12;01.11.2024;31.03.2027;145;EUR
Аэропорт-Отель;Аэропорт Dalaman;Marmaris;Индивидуальный трансфер аэропорт - отель микроавтобус (без гида) (макс. 12 чел.);12;01.11.2024;31.03.2027;173;EUR
Аэропорт-Отель;Аэропорт Dalaman;Dalyan;Индивидуальный трансфер аэропорт - отель микроавтобус (без гида) (макс. 12 чел.);12;01.11.2024;31.03.2027;56;EUR
Аэропорт-Отель;Аэропорт Dalaman;Oludeniz;Индивидуальный трансфер аэропорт - отель микроавтобус (без гида) (макс. 12 чел.);12;01.11.2024;31.03.2027;167;EUR
Аэропорт-Отель;Аэропорт Dalaman;Sarigerme;Индивидуальный трансфер аэропорт - отель микроавтобус (без гида) (макс. 12 чел.);12;01.11.2024;31.03.2027;39;EUR
Аэропорт-Отель;Аэропорт Dalaman;Fethiye;Индивидуальный трансфер аэропорт - отель микроавтобус (без гида) (макс. 12 чел.);12;01.11.2024;31.03.2027;139;EUR
Аэропорт-Отель;Аэропорт Dalaman;Marmaris Hisaronu;Индивидуальный трансфер аэропорт - отель микроавтобус (без гида) (макс. 12 чел.);12;01.11.2024;31.03.2027;217;EUR
Аэропорт-Отель;Аэропорт Dalaman;Turunc;Индивидуальный трансфер аэропорт - отель микроавтобус (без гида) (макс. 12 чел.);12;01.11.2024;31.03.2027;217;EUR
Аэропорт-Отель;Аэропорт Dalaman;Yalancıbogaz;Индивидуальный трансфер аэропорт - отель микроавтобус (без гида) (макс. 12 чел.);12;01.11.2024;31.03.2027;195;EUR
Аэропорт-Отель;Аэропорт Dalaman;Bodrum;Индивидуальный трансфер аэропорт - отель микроавтобус (без гида) (макс. 12 чел.);12;01.11.2024;31.03.2027;262;EUR
Аэропорт-Отель;Аэропорт Dalaman;Didim;Индивидуальный трансфер аэропорт - отель микроавтобус (без гида) (макс. 12 чел.);12;01.11.2024;31.03.2027;228;EUR
Аэропорт-Отель;Аэропорт Dalaman;Datca;Индивидуальный трансфер аэропорт - отель микроавтобус (без гида) (макс. 12 чел.);12;01.11.2024;31.03.2027;267;EUR
Аэропорт-Отель-Аэропорт ;Аэропорт Dalaman;Dalaman;Индивидуальный трансфер MERCEDES VITO (с гидом) (макс. 5 чел.);5;01.01.2024;31.03.2027;109;EUR
Аэропорт-Отель;Аэропорт Dalaman;Dalaman;Индивидуальный трансфер MERCEDES VITO (с гидом) (макс. 5 чел.);5;01.01.2024;31.03.2027;54;EUR
Аэропорт-Отель-Аэропорт ;Аэропорт Dalaman;Fethiye;Индивидуальный трансфер MERCEDES VITO (с гидом) (макс. 5 чел.);5;01.01.2024;31.03.2027;328;EUR
Аэропорт-Отель;Аэропорт Dalaman;Fethiye;Индивидуальный трансфер MERCEDES VITO (с гидом) (макс. 5 чел.);5;01.01.2024;31.03.2027;164;EUR
Аэропорт-Отель-Аэропорт ;Аэропорт Dalaman;Marmaris;Индивидуальный трансфер MERCEDES VITO (с гидом) (макс. 5 чел.);5;01.01.2024;31.03.2027;401;EUR
Аэропорт-Отель;Аэропорт Dalaman;Marmaris;Индивидуальный трансфер MERCEDES VITO (с гидом) (макс. 5 чел.);5;01.01.2024;31.03.2027;201;EUR
Аэропорт-Отель-Аэропорт ;Аэропорт Dalaman;Dalyan;Индивидуальный трансфер MERCEDES VITO (с гидом) (макс. 5 чел.);5;01.01.2024;31.03.2027;145;EUR
Аэропорт-Отель;Аэропорт Dalaman;Dalyan;Индивидуальный трансфер MERCEDES VITO (с гидом) (макс. 5 чел.);5;01.01.2024;31.03.2027;73;EUR
Аэропорт-Отель-Аэропорт ;Аэропорт Dalaman;Marmaris Hisaronu;Индивидуальный трансфер MERCEDES VITO (с гидом) (макс. 5 чел.);5;01.01.2024;31.03.2027;499;EUR
Аэропорт-Отель;Аэропорт Dalaman;Marmaris Hisaronu;Индивидуальный трансфер MERCEDES VITO (с гидом) (макс. 5 чел.);5;01.01.2024;31.03.2027;250;EUR
Аэропорт-Отель-Аэропорт ;Аэропорт Dalaman;Oludeniz;Индивидуальный трансфер MERCEDES VITO (с гидом) (макс. 5 чел.);5;01.01.2024;31.03.2027;389;EUR
Аэропорт-Отель;Аэропорт Dalaman;Oludeniz;Индивидуальный трансфер MERCEDES VITO (с гидом) (макс. 5 чел.);5;01.01.2024;31.03.2027;195;EUR
Аэропорт-Отель-Аэропорт ;Аэропорт Dalaman;Sarigerme;Индивидуальный трансфер MERCEDES VITO (с гидом) (макс. 5 чел.);5;01.01.2024;31.03.2027;109;EUR
Аэропорт-Отель;Аэропорт Dalaman;Sarigerme;Индивидуальный трансфер MERCEDES VITO (с гидом) (макс. 5 чел.);5;01.01.2024;31.03.2027;54;EUR
Аэропорт-Отель-Аэропорт ;Аэропорт Dalaman;Turunc;Индивидуальный трансфер MERCEDES VITO (с гидом) (макс. 5 чел.);5;01.01.2024;31.03.2027;499;EUR
Аэропорт-Отель;Аэропорт Dalaman;Turunc;Индивидуальный трансфер MERCEDES VITO (с гидом) (макс. 5 чел.);5;01.01.2024;31.03.2027;250;EUR
Аэропорт-Отель-Аэропорт ;Аэропорт Dalaman;Yalancıbogaz;Индивидуальный трансфер MERCEDES VITO (с гидом) (макс. 5 чел.);5;01.01.2024;31.03.2027;450;EUR
Аэропорт-Отель;Аэропорт Dalaman;Yalancıbogaz;Индивидуальный трансфер MERCEDES VITO (с гидом) (макс. 5 чел.);5;01.01.2024;31.03.2027;225;EUR
Аэропорт-Отель-Аэропорт ;Аэропорт Dalaman;Bodrum;Индивидуальный трансфер MERCEDES VITO (с гидом) (макс. 5 чел.);5;01.01.2024;31.03.2027;609;EUR
Аэропорт-Отель;Аэропорт Dalaman;Bodrum;Индивидуальный трансфер MERCEDES VITO (с гидом) (макс. 5 чел.);5;01.01.2024;31.03.2027;299;EUR
Аэропорт-Отель-Аэропорт ;Аэропорт Dalaman;Didim;Индивидуальный трансфер MERCEDES VITO (с гидом) (макс. 5 чел.);5;01.01.2024;31.03.2027;523;EUR
Аэропорт-Отель;Аэропорт Dalaman;Didim;Индивидуальный трансфер MERCEDES VITO (с гидом) (макс. 5 чел.);5;01.01.2024;31.03.2027;262;EUR
Аэропорт-Отель-Аэропорт ;Аэропорт Dalaman;Datca;Индивидуальный трансфер MERCEDES VITO (с гидом) (макс. 5 чел.);5;01.01.2024;31.03.2027;609;EUR
Аэропорт-Отель;Аэропорт Dalaman;Datca;Индивидуальный трансфер MERCEDES VITO (с гидом) (макс. 5 чел.);5;01.01.2024;31.03.2027;305;EUR
Аэропорт-Отель-Аэропорт ;Аэропорт Dalaman;Marmaris Hisaronu;Индивидуальный трансфер MERCEDES VITO (без гида) (макс. 5 чел.);5;01.01.2024;31.03.2027;477;EUR
Аэропорт-Отель;Аэропорт Dalaman;Marmaris Hisaronu;Индивидуальный трансфер MERCEDES VITO (без гида) (макс. 5 чел.);5;01.01.2024;31.03.2027;239;EUR
Аэропорт-Отель-Аэропорт ;Аэропорт Dalaman;Oludeniz;Индивидуальный трансфер MERCEDES VITO (без гида) (макс. 5 чел.);5;01.01.2024;31.03.2027;367;EUR
Аэропорт-Отель;Аэропорт Dalaman;Oludeniz;Индивидуальный трансфер MERCEDES VITO (без гида) (макс. 5 чел.);5;01.01.2024;31.03.2027;184;EUR
Аэропорт-Отель-Аэропорт ;Аэропорт Dalaman;Sarigerme;Индивидуальный трансфер MERCEDES VITO (без гида) (макс. 5 чел.);5;01.01.2024;31.03.2027;86;EUR
Аэропорт-Отель;Аэропорт Dalaman;Sarigerme;Индивидуальный трансфер MERCEDES VITO (без гида) (макс. 5 чел.);5;01.01.2024;31.03.2027;43;EUR
Аэропорт-Отель-Аэропорт ;Аэропорт Dalaman;Turunc;Индивидуальный трансфер MERCEDES VITO (без гида) (макс. 5 чел.);5;01.01.2024;31.03.2027;477;EUR
Аэропорт-Отель;Аэропорт Dalaman;Turunc;Индивидуальный трансфер MERCEDES VITO (без гида) (макс. 5 чел.);5;01.01.2024;31.03.2027;239;EUR
Аэропорт-Отель-Аэропорт ;Аэропорт Dalaman;Yalancıbogaz;Индивидуальный трансфер MERCEDES VITO (без гида) (макс. 5 чел.);5;01.01.2024;31.03.2027;428;EUR
Аэропорт-Отель;Аэропорт Dalaman;Yalancıbogaz;Индивидуальный трансфер MERCEDES VITO (без гида) (макс. 5 чел.);5;01.01.2024;31.03.2027;214;EUR
Аэропорт-Отель-Аэропорт ;Аэропорт Dalaman;Bodrum;Индивидуальный трансфер MERCEDES VITO (без гида) (макс. 5 чел.);5;01.01.2024;31.03.2027;574;EUR
Аэропорт-Отель;Аэропорт Dalaman;Bodrum;Индивидуальный трансфер MERCEDES VITO (без гида) (макс. 5 чел.);5;01.01.2024;31.03.2027;288;EUR
Аэропорт-Отель-Аэропорт ;Аэропорт Dalaman;Didim;Индивидуальный трансфер MERCEDES VITO (без гида) (макс. 5 чел.);5;01.01.2024;31.03.2027;501;EUR
Аэропорт-Отель;Аэропорт Dalaman;Didim;Индивидуальный трансфер MERCEDES VITO (без гида) (макс. 5 чел.);5;01.01.2024;31.03.2027;251;EUR
Аэропорт-Отель-Аэропорт ;Аэропорт Dalaman;Datca;Индивидуальный трансфер MERCEDES VITO (без гида) (макс. 5 чел.);5;01.01.2024;31.03.2027;587;EUR
Аэропорт-Отель;Аэропорт Dalaman;Datca;Индивидуальный трансфер MERCEDES VITO (без гида) (макс. 5 чел.);5;01.01.2024;31.03.2027;294;EUR
Аэропорт-Отель;Аэропорт Dalaman;Dalaman;Индивидуальный трансфер MERCEDES VITO (без гида) (макс. 5 чел.);5;01.01.2024;31.03.2027;43;EUR
Аэропорт-Отель-Аэропорт ;Аэропорт Dalaman;Fethiye;Индивидуальный трансфер MERCEDES VITO (без гида) (макс. 5 чел.);5;01.01.2024;31.03.2027;306;EUR
Аэропорт-Отель;Аэропорт Dalaman;Fethiye;Индивидуальный трансфер MERCEDES VITO (без гида) (макс. 5 чел.);5;01.01.2024;31.03.2027;154;EUR
Аэропорт-Отель-Аэропорт ;Аэропорт Dalaman;Marmaris;Индивидуальный трансфер MERCEDES VITO (без гида) (макс. 5 чел.);5;01.01.2024;31.03.2027;379;EUR
Аэропорт-Отель;Аэропорт Dalaman;Marmaris;Индивидуальный трансфер MERCEDES VITO (без гида) (макс. 5 чел.);5;01.01.2024;31.03.2027;190;EUR
Аэропорт-Отель-Аэропорт ;Аэропорт Dalaman;Dalyan;Индивидуальный трансфер MERCEDES VITO (без гида) (макс. 5 чел.);5;01.01.2024;31.03.2027;123;EUR
Аэропорт-Отель;Аэропорт Dalaman;Dalyan;Индивидуальный трансфер MERCEDES VITO (без гида) (макс. 5 чел.);5;01.01.2024;31.03.2027;62;EUR
Аэропорт-Отель-Аэропорт ;Аэропорт Dalaman;Dalaman;Индивидуальный трансфер делюкс микроавтобус (с гидом) (макс. 8 чел.);8;01.01.2024;31.03.2027;120;EUR
Аэропорт-Отель;Аэропорт Dalaman;Dalaman;Индивидуальный трансфер делюкс микроавтобус (с гидом) (макс. 8 чел.);8;01.01.2024;31.03.2027;60;EUR
Аэропорт-Отель-Аэропорт ;Аэропорт Dalaman;Fethiye;Индивидуальный трансфер делюкс микроавтобус (с гидом) (макс. 8 чел.);8;01.01.2024;31.03.2027;370;EUR
Аэропорт-Отель;Аэропорт Dalaman;Fethiye;Индивидуальный трансфер делюкс микроавтобус (с гидом) (макс. 8 чел.);8;01.01.2024;31.03.2027;185;EUR
Аэропорт-Отель-Аэропорт ;Аэропорт Dalaman;Marmaris;Индивидуальный трансфер делюкс микроавтобус (с гидом) (макс. 8 чел.);8;01.01.2024;31.03.2027;453;EUR
Аэропорт-Отель;Аэропорт Dalaman;Marmaris;Индивидуальный трансфер делюкс микроавтобус (с гидом) (макс. 8 чел.);8;01.01.2024;31.03.2027;227;EUR
Аэропорт-Отель-Аэропорт ;Аэропорт Dalaman;Dalyan;Индивидуальный трансфер делюкс микроавтобус (с гидом) (макс. 8 чел.);8;01.01.2024;31.03.2027;161;EUR
Аэропорт-Отель;Аэропорт Dalaman;Dalyan;Индивидуальный трансфер делюкс микроавтобус (с гидом) (макс. 8 чел.);8;01.01.2024;31.03.2027;81;EUR
Аэропорт-Отель-Аэропорт ;Аэропорт Dalaman;Marmaris Hisaronu;Индивидуальный трансфер делюкс микроавтобус (с гидом) (макс. 8 чел.);8;01.01.2024;31.03.2027;564;EUR
Аэропорт-Отель;Аэропорт Dalaman;Marmaris Hisaronu;Индивидуальный трансфер делюкс микроавтобус (с гидом) (макс. 8 чел.);8;01.01.2024;31.03.2027;282;EUR
Аэропорт-Отель-Аэропорт ;Аэропорт Dalaman;Oludeniz;Индивидуальный трансфер делюкс микроавтобус (с гидом) (макс. 8 чел.);8;01.01.2024;31.03.2027;439;EUR
Аэропорт-Отель;Аэропорт Dalaman;Oludeniz;Индивидуальный трансфер делюкс микроавтобус (с гидом) (макс. 8 чел.);8;01.01.2024;31.03.2027;220;EUR
Аэропорт-Отель-Аэропорт ;Аэропорт Dalaman;Sarigerme;Индивидуальный трансфер делюкс микроавтобус (с гидом) (макс. 8 чел.);8;01.01.2024;31.03.2027;120;EUR
Аэропорт-Отель;Аэропорт Dalaman;Sarigerme;Индивидуальный трансфер делюкс микроавтобус (с гидом) (макс. 8 чел.);8;01.01.2024;31.03.2027;60;EUR
Аэропорт-Отель-Аэропорт ;Аэропорт Dalaman;Turunc;Индивидуальный трансфер делюкс микроавтобус (с гидом) (макс. 8 чел.);8;01.01.2024;31.03.2027;564;EUR
Аэропорт-Отель;Аэропорт Dalaman;Turunc;Индивидуальный трансфер делюкс микроавтобус (с гидом) (макс. 8 чел.);8;01.01.2024;31.03.2027;282;EUR
Аэропорт-Отель-Аэропорт ;Аэропорт Dalaman;Yalancıbogaz;Индивидуальный трансфер делюкс микроавтобус (с гидом) (макс. 8 чел.);8;01.01.2024;31.03.2027;509;EUR
Аэропорт-Отель;Аэропорт Dalaman;Yalancıbogaz;Индивидуальный трансфер делюкс микроавтобус (с гидом) (макс. 8 чел.);8;01.01.2024;31.03.2027;255;EUR
Аэропорт-Отель-Аэропорт ;Аэропорт Dalaman;Bodrum;Индивидуальный трансфер делюкс микроавтобус (с гидом) (макс. 8 чел.);8;01.01.2024;31.03.2027;675;EUR
Аэропорт-Отель;Аэропорт Dalaman;Bodrum;Индивидуальный трансфер делюкс микроавтобус (с гидом) (макс. 8 чел.);8;01.01.2024;31.03.2027;338;EUR
Аэропорт-Отель-Аэропорт ;Аэропорт Dalaman;Didim;Индивидуальный трансфер делюкс микроавтобус (с гидом) (макс. 8 чел.);8;01.01.2024;31.03.2027;592;EUR
Аэропорт-Отель;Аэропорт Dalaman;Didim;Индивидуальный трансфер делюкс микроавтобус (с гидом) (макс. 8 чел.);8;01.01.2024;31.03.2027;296;EUR
Аэропорт-Отель-Аэропорт ;Аэропорт Dalaman;Datca;Индивидуальный трансфер делюкс микроавтобус (с гидом) (макс. 8 чел.);8;01.01.2024;31.03.2027;689;EUR
Аэропорт-Отель;Аэропорт Dalaman;Datca;Индивидуальный трансфер делюкс микроавтобус (с гидом) (макс. 8 чел.);8;01.01.2024;31.03.2027;345;EUR
Аэропорт-Отель-Аэропорт ;Аэропорт Dalaman;Dalaman;Индивидуальный трансфер делюкс микроавтобус (без гида) (макс. 8 чел.);8;01.11.2024;31.03.2027;98;EUR
Аэропорт-Отель;Аэропорт Dalaman;Dalaman;Индивидуальный трансфер делюкс микроавтобус (без гида) (макс. 8 чел.);8;01.11.2024;31.03.2027;49;EUR
Аэропорт-Отель-Аэропорт ;Аэропорт Dalaman;Fethiye;Индивидуальный трансфер делюкс микроавтобус (без гида) (макс. 8 чел.);8;01.11.2024;31.03.2027;347;EUR
Аэропорт-Отель;Аэропорт Dalaman;Fethiye;Индивидуальный трансфер делюкс микроавтобус (без гида) (макс. 8 чел.);8;01.11.2024;31.03.2027;174;EUR
Аэропорт-Отель-Аэропорт ;Аэропорт Dalaman;Marmaris;Индивидуальный трансфер делюкс микроавтобус (без гида) (макс. 8 чел.);8;01.11.2024;31.03.2027;431;EUR
Аэропорт-Отель;Аэропорт Dalaman;Marmaris;Индивидуальный трансфер делюкс микроавтобус (без гида) (макс. 8 чел.);8;01.11.2024;31.03.2027;216;EUR
Аэропорт-Отель-Аэропорт ;Аэропорт Dalaman;Dalyan;Индивидуальный трансфер делюкс микроавтобус (без гида) (макс. 8 чел.);8;01.11.2024;31.03.2027;139;EUR
Аэропорт-Отель;Аэропорт Dalaman;Dalyan;Индивидуальный трансфер делюкс микроавтобус (без гида) (макс. 8 чел.);8;01.11.2024;31.03.2027;70;EUR
Аэропорт-Отель-Аэропорт ;Аэропорт Dalaman;Marmaris Hisaronu;Индивидуальный трансфер делюкс микроавтобус (без гида) (макс. 8 чел.);8;01.11.2024;31.03.2027;542;EUR
Аэропорт-Отель;Аэропорт Dalaman;Marmaris Hisaronu;Индивидуальный трансфер делюкс микроавтобус (без гида) (макс. 8 чел.);8;01.11.2024;31.03.2027;271;EUR
Аэропорт-Отель-Аэропорт ;Аэропорт Dalaman;Oludeniz;Индивидуальный трансфер делюкс микроавтобус (без гида) (макс. 8 чел.);8;01.11.2024;31.03.2027;417;EUR
Аэропорт-Отель;Аэропорт Dalaman;Oludeniz;Индивидуальный трансфер делюкс микроавтобус (без гида) (макс. 8 чел.);8;01.11.2024;31.03.2027;209;EUR
Аэропорт-Отель-Аэропорт ;Аэропорт Dalaman;Sarigerme;Индивидуальный трансфер делюкс микроавтобус (без гида) (макс. 8 чел.);8;01.11.2024;31.03.2027;98;EUR
Аэропорт-Отель;Аэропорт Dalaman;Sarigerme;Индивидуальный трансфер делюкс микроавтобус (без гида) (макс. 8 чел.);8;01.11.2024;31.03.2027;49;EUR
Аэропорт-Отель-Аэропорт ;Аэропорт Dalaman;Turunc;Индивидуальный трансфер делюкс микроавтобус (без гида) (макс. 8 чел.);8;01.11.2024;31.03.2027;542;EUR
Аэропорт-Отель;Аэропорт Dalaman;Turunc;Индивидуальный трансфер делюкс микроавтобус (без гида) (макс. 8 чел.);8;01.11.2024;31.03.2027;271;EUR
Аэропорт-Отель-Аэропорт ;Аэропорт Dalaman;Yalancıbogaz;Индивидуальный трансфер делюкс микроавтобус (без гида) (макс. 8 чел.);8;01.11.2024;31.03.2027;486;EUR
Аэропорт-Отель;Аэропорт Dalaman;Yalancıbogaz;Индивидуальный трансфер делюкс микроавтобус (без гида) (макс. 8 чел.);8;01.11.2024;31.03.2027;243;EUR
Аэропорт-Отель-Аэропорт ;Аэропорт Dalaman;Bodrum;Индивидуальный трансфер делюкс микроавтобус (без гида) (макс. 8 чел.);8;01.11.2024;31.03.2027;653;EUR
Аэропорт-Отель;Аэропорт Dalaman;Bodrum;Индивидуальный трансфер делюкс микроавтобус (без гида) (макс. 8 чел.);8;01.11.2024;31.03.2027;327;EUR
Аэропорт-Отель-Аэропорт ;Аэропорт Dalaman;Didim;Индивидуальный трансфер делюкс микроавтобус (без гида) (макс. 8 чел.);8;01.11.2024;31.03.2027;569;EUR
Аэропорт-Отель;Аэропорт Dalaman;Didim;Индивидуальный трансфер делюкс микроавтобус (без гида) (макс. 8 чел.);8;01.11.2024;31.03.2027;285;EUR
Аэропорт-Отель-Аэропорт ;Аэропорт Dalaman;Datca;Индивидуальный трансфер делюкс микроавтобус (без гида) (макс. 8 чел.);8;01.11.2024;31.03.2027;666;EUR
Аэропорт-Отель;Аэропорт Dalaman;Datca;Индивидуальный трансфер делюкс микроавтобус (без гида) (макс. 8 чел.);8;01.11.2024;31.03.2027;333;EUR
Аэропорт-Отель-Аэропорт ;Аэропорт Dalaman;Dalaman;Индивидуальный трансфер мидибас (макс. 20 чел.);20;01.11.2024;31.03.2027;145;EUR
Аэропорт-Отель;Аэропорт Dalaman;Dalaman;Индивидуальный трансфер аэропорт - отель мидибас (макс. 20 чел.);20;01.11.2024;31.03.2027;73;EUR
Аэропорт-Отель-Аэропорт ;Аэропорт Dalaman;Fethiye;Индивидуальный трансфер мидибас (макс. 20 чел.);20;01.11.2024;31.03.2027;433;EUR
Аэропорт-Отель;Аэропорт Dalaman;Fethiye;Индивидуальный трансфер аэропорт - отель мидибас (макс. 20 чел.);20;01.11.2024;31.03.2027;217;EUR
Аэропорт-Отель-Аэропорт ;Аэропорт Dalaman;Marmaris;Индивидуальный трансфер мидибас (макс. 20 чел.);20;01.11.2024;31.03.2027;578;EUR
Аэропорт-Отель;Аэропорт Dalaman;Marmaris;Индивидуальный трансфер аэропорт - отель мидибас (макс. 20 чел.);20;01.11.2024;31.03.2027;289;EUR
Аэропорт-Отель-Аэропорт ;Аэропорт Dalaman;Dalyan;Индивидуальный трансфер мидибас (макс. 20 чел.);20;01.11.2024;31.03.2027;211;EUR
Аэропорт-Отель;Аэропорт Dalaman;Dalyan;Индивидуальный трансфер аэропорт - отель мидибас (макс. 20 чел.);20;01.11.2024;31.03.2027;106;EUR
Аэропорт-Отель-Аэропорт ;Аэропорт Dalaman;Marmaris Hisaronu;Индивидуальный трансфер мидибас (макс. 20 чел.);20;01.11.2024;31.03.2027;644;EUR
Аэропорт-Отель;Аэропорт Dalaman;Marmaris Hisaronu;Индивидуальный трансфер аэропорт - отель мидибас (макс. 20 чел.);20;01.11.2024;31.03.2027;322;EUR
Аэропорт-Отель-Аэропорт ;Аэропорт Dalaman;Oludeniz;Индивидуальный трансфер мидибас (макс. 20 чел.);20;01.11.2024;31.03.2027;533;EUR
Аэропорт-Отель;Аэропорт Dalaman;Oludeniz;Индивидуальный трансфер аэропорт - отель мидибас (макс. 20 чел.);20;01.11.2024;31.03.2027;267;EUR
Аэропорт-Отель-Аэропорт ;Аэропорт Dalaman;Sarigerme;Индивидуальный трансфер мидибас (макс. 20 чел.);20;01.11.2024;31.03.2027;145;EUR
Аэропорт-Отель;Аэропорт Dalaman;Sarigerme;Индивидуальный трансфер аэропорт - отель мидибас (макс. 20 чел.);20;01.11.2024;31.03.2027;73;EUR
Аэропорт-Отель-Аэропорт ;Аэропорт Dalaman;Turunc;Индивидуальный трансфер мидибас (макс. 20 чел.);20;01.11.2024;31.03.2027;644;EUR
Аэропорт-Отель;Аэропорт Dalaman;Turunc;Индивидуальный трансфер аэропорт - отель мидибас (макс. 20 чел.);20;01.11.2024;31.03.2027;322;EUR
Аэропорт-Отель-Аэропорт ;Аэропорт Dalaman;Yalancıbogaz;Индивидуальный трансфер мидибас (макс. 20 чел.);20;01.11.2024;31.03.2027;644;EUR
Аэропорт-Отель;Аэропорт Dalaman;Yalancıbogaz;Индивидуальный трансфер аэропорт - отель мидибас (макс. 20 чел.);20;01.11.2024;31.03.2027;322;EUR
Аэропорт-Отель-Аэропорт ;Аэропорт Dalaman;Dalaman;Индивидуальный трансфер автобус (макс. 42 чел.);42;01.11.2024;31.03.2027;245;EUR
Аэропорт-Отель;Аэропорт Dalaman;Dalaman;Индивидуальный трансфер аэропорт - отель автобус (макс. 42 чел.);42;01.11.2024;31.03.2027;123;EUR
Аэропорт-Отель-Аэропорт ;Аэропорт Dalaman;Fethiye;Индивидуальный трансфер автобус (макс. 42 чел.);42;01.11.2024;31.03.2027;711;EUR
Аэропорт-Отель;Аэропорт Dalaman;Fethiye;Индивидуальный трансфер аэропорт - отель автобус (макс. 42 чел.);42;01.11.2024;31.03.2027;356;EUR
Аэропорт-Отель-Аэропорт ;Аэропорт Dalaman;Marmaris;Индивидуальный трансфер автобус (макс. 42 чел.);42;01.11.2024;31.03.2027;999;EUR
Аэропорт-Отель;Аэропорт Dalaman;Marmaris;Индивидуальный трансфер аэропорт - отель автобус (макс. 42 чел.);42;01.11.2024;31.03.2027;500;EUR
Аэропорт-Отель-Аэропорт ;Аэропорт Dalaman;Dalyan;Индивидуальный трансфер автобус (макс. 42 чел.);42;01.11.2024;31.03.2027;333;EUR
Аэропорт-Отель;Аэропорт Dalaman;Dalyan;Индивидуальный трансфер аэропорт - отель автобус (макс. 42 чел.);42;01.11.2024;31.03.2027;167;EUR
Аэропорт-Отель-Аэропорт ;Аэропорт Dalaman;Marmaris Hisaronu;Индивидуальный трансфер автобус (макс. 42 чел.);42;01.11.2024;31.03.2027;1277;EUR
Аэропорт-Отель;Аэропорт Dalaman;Marmaris Hisaronu;Индивидуальный трансфер аэропорт - отель автобус (макс. 42 чел.);42;01.11.2024;31.03.2027;639;EUR
Аэропорт-Отель-Аэропорт ;Аэропорт Dalaman;Oludeniz;Индивидуальный трансфер автобус (макс. 42 чел.);42;01.11.2024;31.03.2027;888;EUR
Аэропорт-Отель;Аэропорт Dalaman;Oludeniz;Индивидуальный трансфер аэропорт - отель автобус (макс. 42 чел.);42;01.11.2024;31.03.2027;444;EUR
Аэропорт-Отель-Аэропорт ;Аэропорт Dalaman;Sarigerme;Индивидуальный трансфер автобус (макс. 42 чел.);42;01.11.2024;31.03.2027;267;EUR
Аэропорт-Отель;Аэропорт Dalaman;Sarigerme;Индивидуальный трансфер аэропорт - отель автобус (макс. 42 чел.);42;01.11.2024;31.03.2027;134;EUR
Аэропорт-Отель-Аэропорт ;Аэропорт Dalaman;Turunc;Индивидуальный трансфер автобус (макс. 42 чел.);42;01.11.2024;31.03.2027;1221;EUR
Аэропорт-Отель;Аэропорт Dalaman;Turunc;Индивидуальный трансфер аэропорт - отель автобус (макс. 42 чел.);42;01.11.2024;31.03.2027;611;EUR
Аэропорт-Отель-Аэропорт ;Аэропорт Dalaman;Yalancıbogaz;Индивидуальный трансфер автобус (макс. 42 чел.);42;01.11.2024;31.03.2027;1110;EUR
Аэропорт-Отель;Аэропорт Dalaman;Yalancıbogaz;Индивидуальный трансфер аэропорт - отель автобус (макс. 42 чел.);42;01.11.2024;31.03.2027;555;EUR
Отель-Аэропорт;Dalaman;Аэропорт Dalaman;Индивидуальный трансфер отель - аэропорт микроавтобус (с гидом) (макс. 12 чел.);12;01.01.2024;31.03.2027;50;EUR
Отель-Аэропорт;Marmaris;Аэропорт Dalaman;Индивидуальный трансфер отель - аэропорт микроавтобус (с гидом) (макс. 12 чел.);12;01.01.2024;31.03.2027;184;EUR
Отель-Аэропорт;Dalyan;Аэропорт Dalaman;Индивидуальный трансфер отель - аэропорт микроавтобус (с гидом) (макс. 12 чел.);12;01.01.2024;31.03.2027;67;EUR
Отель-Аэропорт;Oludeniz;Аэропорт Dalaman;Индивидуальный трансфер отель - аэропорт микроавтобус (с гидом) (макс. 12 чел.);12;01.01.2024;31.03.2027;178;EUR
Отель-Аэропорт;Sarigerme;Аэропорт Dalaman;Индивидуальный трансфер отель - аэропорт микроавтобус (с гидом) (макс. 12 чел.);12;01.01.2024;31.03.2027;50;EUR
Отель-Аэропорт;Fethiye;Аэропорт Dalaman;Индивидуальный трансфер отель - аэропорт микроавтобус (с гидом) (макс. 12 чел.);12;01.01.2024;31.03.2027;150;EUR
Отель-Аэропорт;Marmaris Hisaronu;Аэропорт Dalaman;Индивидуальный трансфер отель - аэропорт микроавтобус (с гидом) (макс. 12 чел.);12;01.01.2024;31.03.2027;228;EUR
Отель-Аэропорт;Turunc;Аэропорт Dalaman;Индивидуальный трансфер отель - аэропорт микроавтобус (с гидом) (макс. 12 чел.);12;01.01.2024;31.03.2027;228;EUR
Отель-Аэропорт;Yalancıbogaz;Аэропорт Dalaman;Индивидуальный трансфер отель - аэропорт микроавтобус (с гидом) (макс. 12 чел.);12;01.01.2024;31.03.2027;206;EUR
Отель-Аэропорт;Bodrum;Аэропорт Dalaman;Индивидуальный трансфер отель - аэропорт микроавтобус (с гидом) (макс. 12 чел.);12;01.01.2024;31.03.2027;272;EUR
Отель-Аэропорт;Didim;Аэропорт Dalaman;Индивидуальный трансфер отель - аэропорт микроавтобус (с гидом) (макс. 12 чел.);12;01.01.2024;31.03.2027;239;EUR
Отель-Аэропорт;Datca;Аэропорт Dalaman;Индивидуальный трансфер отель - аэропорт микроавтобус (с гидом) (макс. 12 чел.);12;01.01.2024;31.03.2027;278;EUR
Отель-Аэропорт;Kas;Аэропорт Dalaman;Индивидуальный трансфер отель - аэропорт микроавтобус (без гида) (макс. 12 чел.);12;01.11.2024;31.03.2027;195;EUR
Отель-Аэропорт;Kalkan;Аэропорт Dalaman;Индивидуальный трансфер отель - аэропорт микроавтобус (без гида) (макс. 12 чел.);12;01.11.2024;31.03.2027;206;EUR
Отель-Аэропорт;Dalaman;Аэропорт Dalaman;Индивидуальный трансфер отель - аэропорт микроавтобус (без гида) (макс. 12 чел.);12;01.11.2024;31.03.2027;39;EUR
Отель-Аэропорт;Fethiye;Аэропорт Dalaman;Индивидуальный трансфер отель - аэропорт микроавтобус (без гида) (макс. 12 чел.);12;01.11.2024;31.03.2027;145;EUR
Отель-Аэропорт;Marmaris;Аэропорт Dalaman;Индивидуальный трансфер отель - аэропорт микроавтобус (без гида) (макс. 12 чел.);12;01.11.2024;31.03.2027;173;EUR
Отель-Аэропорт;Dalyan;Аэропорт Dalaman;Индивидуальный трансфер отель - аэропорт микроавтобус (без гида) (макс. 12 чел.);12;01.11.2024;31.03.2027;56;EUR
Отель-Аэропорт;Oludeniz;Аэропорт Dalaman;Индивидуальный трансфер отель - аэропорт микроавтобус (без гида) (макс. 12 чел.);12;01.11.2024;31.03.2027;167;EUR
Отель-Аэропорт;Sarigerme;Аэропорт Dalaman;Индивидуальный трансфер отель - аэропорт микроавтобус (без гида) (макс. 12 чел.);12;01.11.2024;31.03.2027;39;EUR
Отель-Аэропорт;Fethiye;Аэропорт Dalaman;Индивидуальный трансфер отель - аэропорт микроавтобус (без гида) (макс. 12 чел.);12;01.11.2024;31.03.2027;139;EUR
Отель-Аэропорт;Marmaris Hisaronu;Аэропорт Dalaman;Индивидуальный трансфер отель - аэропорт микроавтобус (без гида) (макс. 12 чел.);12;01.11.2024;31.03.2027;217;EUR
Отель-Аэропорт;Turunc;Аэропорт Dalaman;Индивидуальный трансфер отель - аэропорт микроавтобус (без гида) (макс. 12 чел.);12;01.11.2024;31.03.2027;217;EUR
Отель-Аэропорт;Yalancıbogaz;Аэропорт Dalaman;Индивидуальный трансфер отель - аэропорт микроавтобус (без гида) (макс. 12 чел.);12;01.11.2024;31.03.2027;195;EUR
Отель-Аэропорт;Bodrum;Аэропорт Dalaman;Индивидуальный трансфер отель - аэропорт микроавтобус (без гида) (макс. 12 чел.);12;01.11.2024;31.03.2027;262;EUR
Отель-Аэропорт;Didim;Аэропорт Dalaman;Индивидуальный трансфер отель - аэропорт микроавтобус (без гида) (макс. 12 чел.);12;01.11.2024;31.03.2027;228;EUR
Отель-Аэропорт;Datca;Аэропорт Dalaman;Индивидуальный трансфер отель - аэропорт микроавтобус (без гида) (макс. 12 чел.);12;01.11.2024;31.03.2027;267;EUR
Отель-Аэропорт;Dalaman;Аэропорт Dalaman;Индивидуальный трансфер MERCEDES VITO (с гидом) (макс. 5 чел.);5;01.01.2024;31.03.2027;54;EUR
Отель-Аэропорт;Fethiye;Аэропорт Dalaman;Индивидуальный трансфер MERCEDES VITO (с гидом) (макс. 5 чел.);5;01.01.2024;31.03.2027;164;EUR
Отель-Аэропорт;Marmaris;Аэропорт Dalaman;Индивидуальный трансфер MERCEDES VITO (с гидом) (макс. 5 чел.);5;01.01.2024;31.03.2027;201;EUR
Отель-Аэропорт;Dalyan;Аэропорт Dalaman;Индивидуальный трансфер MERCEDES VITO (с гидом) (макс. 5 чел.);5;01.01.2024;31.03.2027;73;EUR
Отель-Аэропорт;Marmaris Hisaronu;Аэропорт Dalaman;Индивидуальный трансфер MERCEDES VITO (с гидом) (макс. 5 чел.);5;01.01.2024;31.03.2027;250;EUR
Отель-Аэропорт;Oludeniz;Аэропорт Dalaman;Индивидуальный трансфер MERCEDES VITO (с гидом) (макс. 5 чел.);5;01.01.2024;31.03.2027;195;EUR
Отель-Аэропорт;Sarigerme;Аэропорт Dalaman;Индивидуальный трансфер MERCEDES VITO (с гидом) (макс. 5 чел.);5;01.01.2024;31.03.2027;54;EUR
Отель-Аэропорт;Turunc;Аэропорт Dalaman;Индивидуальный трансфер MERCEDES VITO (с гидом) (макс. 5 чел.);5;01.01.2024;31.03.2027;250;EUR
Отель-Аэропорт;Yalancıbogaz;Аэропорт Dalaman;Индивидуальный трансфер MERCEDES VITO (с гидом) (макс. 5 чел.);5;01.01.2024;31.03.2027;225;EUR
Отель-Аэропорт;Bodrum;Аэропорт Dalaman;Индивидуальный трансфер MERCEDES VITO (с гидом) (макс. 5 чел.);5;01.01.2024;31.03.2027;299;EUR
Отель-Аэропорт;Didim;Аэропорт Dalaman;Индивидуальный трансфер MERCEDES VITO (с гидом) (макс. 5 чел.);5;01.01.2024;31.03.2027;262;EUR
Отель-Аэропорт;Datca;Аэропорт Dalaman;Индивидуальный трансфер MERCEDES VITO (с гидом) (макс. 5 чел.);5;01.01.2024;31.03.2027;305;EUR
Отель-Аэропорт;Marmaris Hisaronu;Аэропорт Dalaman;Индивидуальный трансфер MERCEDES VITO (без гида) (макс. 5 чел.);5;01.01.2024;31.03.2027;239;EUR
Отель-Аэропорт;Oludeniz;Аэропорт Dalaman;Индивидуальный трансфер MERCEDES VITO (без гида) (макс. 5 чел.);5;01.01.2024;31.03.2027;184;EUR
Отель-Аэропорт;Sarigerme;Аэропорт Dalaman;Индивидуальный трансфер MERCEDES VITO (без гида) (макс. 5 чел.);5;01.01.2024;31.03.2027;43;EUR
Отель-Аэропорт;Turunc;Аэропорт Dalaman;Индивидуальный трансфер MERCEDES VITO (без гида) (макс. 5 чел.);5;01.01.2024;31.03.2027;239;EUR
Отель-Аэропорт;Yalancıbogaz;Аэропорт Dalaman;Индивидуальный трансфер MERCEDES VITO (без гида) (макс. 5 чел.);5;01.01.2024;31.03.2027;214;EUR
Отель-Аэропорт;Bodrum;Аэропорт Dalaman;Индивидуальный трансфер MERCEDES VITO (без гида) (макс. 5 чел.);5;01.01.2024;31.03.2027;288;EUR
Отель-Аэропорт;Didim;Аэропорт Dalaman;Индивидуальный трансфер MERCEDES VITO (без гида) (макс. 5 чел.);5;01.01.2024;31.03.2027;251;EUR
Отель-Аэропорт;Datca;Аэропорт Dalaman;Индивидуальный трансфер MERCEDES VITO (без гида) (макс. 5 чел.);5;01.01.2024;31.03.2027;294;EUR
Отель-Аэропорт;Dalaman;Аэропорт Dalaman;Индивидуальный трансфер MERCEDES VITO (без гида) (макс. 5 чел.);5;01.01.2024;31.03.2027;43;EUR
Отель-Аэропорт;Fethiye;Аэропорт Dalaman;Индивидуальный трансфер MERCEDES VITO (без гида) (макс. 5 чел.);5;01.01.2024;31.03.2027;154;EUR
Отель-Аэропорт;Marmaris;Аэропорт Dalaman;Индивидуальный трансфер MERCEDES VITO (без гида) (макс. 5 чел.);5;01.01.2024;31.03.2027;190;EUR
Отель-Аэропорт;Dalyan;Аэропорт Dalaman;Индивидуальный трансфер MERCEDES VITO (без гида) (макс. 5 чел.);5;01.01.2024;31.03.2027;62;EUR
Отель-Аэропорт;Dalaman;Аэропорт Dalaman;Индивидуальный трансфер делюкс микроавтобус (с гидом) (макс. 8 чел.);8;01.01.2024;31.03.2027;60;EUR
Отель-Аэропорт;Fethiye;Аэропорт Dalaman;Индивидуальный трансфер делюкс микроавтобус (с гидом) (макс. 8 чел.);8;01.01.2024;31.03.2027;185;EUR
Отель-Аэропорт;Marmaris;Аэропорт Dalaman;Индивидуальный трансфер делюкс микроавтобус (с гидом) (макс. 8 чел.);8;01.01.2024;31.03.2027;227;EUR
Отель-Аэропорт;Dalyan;Аэропорт Dalaman;Индивидуальный трансфер делюкс микроавтобус (с гидом) (макс. 8 чел.);8;01.01.2024;31.03.2027;81;EUR
Отель-Аэропорт;Marmaris Hisaronu;Аэропорт Dalaman;Индивидуальный трансфер делюкс микроавтобус (с гидом) (макс. 8 чел.);8;01.01.2024;31.03.2027;282;EUR
Отель-Аэропорт;Oludeniz;Аэропорт Dalaman;Индивидуальный трансфер делюкс микроавтобус (с гидом) (макс. 8 чел.);8;01.01.2024;31.03.2027;220;EUR
Отель-Аэропорт;Sarigerme;Аэропорт Dalaman;Индивидуальный трансфер делюкс микроавтобус (с гидом) (макс. 8 чел.);8;01.01.2024;31.03.2027;60;EUR
Отель-Аэропорт;Turunc;Аэропорт Dalaman;Индивидуальный трансфер делюкс микроавтобус (с гидом) (макс. 8 чел.);8;01.01.2024;31.03.2027;282;EUR
Отель-Аэропорт;Yalancıbogaz;Аэропорт Dalaman;Индивидуальный трансфер делюкс микроавтобус (с гидом) (макс. 8 чел.);8;01.01.2024;31.03.2027;255;EUR
Отель-Аэропорт;Bodrum;Аэропорт Dalaman;Индивидуальный трансфер делюкс микроавтобус (с гидом) (макс. 8 чел.);8;01.01.2024;31.03.2027;338;EUR
Отель-Аэропорт;Didim;Аэропорт Dalaman;Индивидуальный трансфер делюкс микроавтобус (с гидом) (макс. 8 чел.);8;01.01.2024;31.03.2027;296;EUR
Отель-Аэропорт;Datca;Аэропорт Dalaman;Индивидуальный трансфер делюкс микроавтобус (с гидом) (макс. 8 чел.);8;01.01.2024;31.03.2027;345;EUR
Отель-Аэропорт;Dalaman;Аэропорт Dalaman;Индивидуальный трансфер делюкс микроавтобус (без гида) (макс. 8 чел.);8;01.11.2024;31.03.2027;49;EUR
Отель-Аэропорт;Fethiye;Аэропорт Dalaman;Индивидуальный трансфер делюкс микроавтобус (без гида) (макс. 8 чел.);8;01.11.2024;31.03.2027;174;EUR
Отель-Аэропорт;Marmaris;Аэропорт Dalaman;Индивидуальный трансфер делюкс микроавтобус (без гида) (макс. 8 чел.);8;01.11.2024;31.03.2027;216;EUR
Отель-Аэропорт;Dalyan;Аэропорт Dalaman;Индивидуальный трансфер делюкс микроавтобус (без гида) (макс. 8 чел.);8;01.11.2024;31.03.2027;70;EUR
Отель-Аэропорт;Marmaris Hisaronu;Аэропорт Dalaman;Индивидуальный трансфер делюкс микроавтобус (без гида) (макс. 8 чел.);8;01.11.2024;31.03.2027;271;EUR
Отель-Аэропорт;Oludeniz;Аэропорт Dalaman;Индивидуальный трансфер делюкс микроавтобус (без гида) (макс. 8 чел.);8;01.11.2024;31.03.2027;209;EUR
Отель-Аэропорт;Sarigerme;Аэропорт Dalaman;Индивидуальный трансфер делюкс микроавтобус (без гида) (макс. 8 чел.);8;01.11.2024;31.03.2027;49;EUR
Отель-Аэропорт;Turunc;Аэропорт Dalaman;Индивидуальный трансфер делюкс микроавтобус (без гида) (макс. 8 чел.);8;01.11.2024;31.03.2027;271;EUR
Отель-Аэропорт;Yalancıbogaz;Аэропорт Dalaman;Индивидуальный трансфер делюкс микроавтобус (без гида) (макс. 8 чел.);8;01.11.2024;31.03.2027;243;EUR
Отель-Аэропорт;Bodrum;Аэропорт Dalaman;Индивидуальный трансфер делюкс микроавтобус (без гида) (макс. 8 чел.);8;01.11.2024;31.03.2027;327;EUR
Отель-Аэропорт;Didim;Аэропорт Dalaman;Индивидуальный трансфер делюкс микроавтобус (без гида) (макс. 8 чел.);8;01.11.2024;31.03.2027;285;EUR
Отель-Аэропорт;Datca;Аэропорт Dalaman;Индивидуальный трансфер делюкс микроавтобус (без гида) (макс. 8 чел.);8;01.11.2024;31.03.2027;333;EUR
Отель-Аэропорт;Dalaman;Аэропорт Dalaman;Индивидуальный трансфер отель - аэропорт мидибас (макс. 20 чел.);20;01.11.2024;31.03.2027;73;EUR
Отель-Аэропорт;Fethiye;Аэропорт Dalaman;Индивидуальный трансфер отель - аэропорт мидибас (макс. 20 чел.);20;01.11.2024;31.03.2027;217;EUR
Отель-Аэропорт;Marmaris;Аэропорт Dalaman;Индивидуальный трансфер отель - аэропорт мидибас (макс. 20 чел.);20;01.11.2024;31.03.2027;289;EUR
Отель-Аэропорт;Dalyan;Аэропорт Dalaman;Индивидуальный трансфер отель - аэропорт мидибас (макс. 20 чел.);20;01.11.2024;31.03.2027;106;EUR
Отель-Аэропорт;Marmaris Hisaronu;Аэропорт Dalaman;Индивидуальный трансфер отель - аэропорт мидибас (макс. 20 чел.);20;01.11.2024;31.03.2027;322;EUR
Отель-Аэропорт;Oludeniz;Аэропорт Dalaman;Индивидуальный трансфер отель - аэропорт мидибас (макс. 20 чел.);20;01.11.2024;31.03.2027;267;EUR
Отель-Аэропорт;Sarigerme;Аэропорт Dalaman;Индивидуальный трансфер отель - аэропорт мидибас (макс. 20 чел.);20;01.11.2024;31.03.2027;73;EUR
Отель-Аэропорт;Turunc;Аэропорт Dalaman;Индивидуальный трансфер отель - аэропорт мидибас (макс. 20 чел.);20;01.11.2024;31.03.2027;322;EUR
Отель-Аэропорт;Dalaman;Аэропорт Dalaman;Индивидуальный трансфер отель - аэропорт автобус (макс. 42 чел.);42;01.11.2024;31.03.2027;123;EUR
Отель-Аэропорт;Fethiye;Аэропорт Dalaman;Индивидуальный трансфер отель - аэропорт автобус (макс. 42 чел.);42;01.11.2024;31.03.2027;356;EUR
Отель-Аэропорт;Marmaris;Аэропорт Dalaman;Индивидуальный трансфер отель - аэропорт автобус (макс. 42 чел.);42;01.11.2024;31.03.2027;500;EUR
Отель-Аэропорт;Dalyan;Аэропорт Dalaman;Индивидуальный трансфер отель - аэропорт автобус (макс. 42 чел.);42;01.11.2024;31.03.2027;167;EUR
Отель-Аэропорт;Marmaris Hisaronu;Аэропорт Dalaman;Индивидуальный трансфер отель - аэропорт автобус (макс. 42 чел.);42;01.11.2024;31.03.2027;639;EUR
Отель-Аэропорт;Oludeniz;Аэропорт Dalaman;Индивидуальный трансфер отель - аэропорт автобус (макс. 42 чел.);42;01.11.2024;31.03.2027;444;EUR
Отель-Аэропорт;Sarigerme;Аэропорт Dalaman;Индивидуальный трансфер отель - аэропорт автобус (макс. 42 чел.);42;01.11.2024;31.03.2027;134;EUR
Отель-Аэропорт;Turunc;Аэропорт Dalaman;Индивидуальный трансфер отель - аэропорт автобус (макс. 42 чел.);42;01.11.2024;31.03.2027;611;EUR
Отель-Аэропорт;Yalancıbogaz;Аэропорт Dalaman;Индивидуальный трансфер отель - аэропорт автобус (макс. 42 чел.);42;01.11.2024;31.03.2027;555;EUR
Аэропорт-Отель-Аэропорт ;Аэропорт Dalaman;Kas;Индивидуальный трансфер микроавтобус (без гида)(макс. 12 чел.);12;1.04.2026;31.03.2027;389;EUR
Аэропорт-Отель-Аэропорт ;Аэропорт Dalaman;Kalkan;Индивидуальный трансфер микроавтобус (без гида)(макс. 12 чел.);12;1.04.2026;31.03.2027;411;EUR
Аэропорт-Отель-Аэропорт ;Аэропорт Dalaman;Dalaman;Индивидуальный трансфер микроавтобус (без гида)(макс. 12 чел.);12;1.04.2026;31.03.2027;78;EUR
Аэропорт-Отель-Аэропорт ;Аэропорт Dalaman;Fethiye;Индивидуальный трансфер микроавтобус (без гида)(макс. 12 чел.);12;1.04.2026;31.03.2027;289;EUR
Аэропорт-Отель-Аэропорт ;Аэропорт Dalaman;Marmaris;Индивидуальный трансфер микроавтобус (без гида)(макс. 12 чел.);12;1.04.2026;31.03.2027;345;EUR
Аэропорт-Отель-Аэропорт ;Аэропорт Dalaman; Dalyan;Индивидуальный трансфер микроавтобус (без гида)(макс. 12 чел.);12;1.04.2026;31.03.2027;111;EUR
Аэропорт-Отель-Аэропорт ;Аэропорт Dalaman;Oludeniz;Индивидуальный трансфер микроавтобус (без гида)(макс. 12 чел.);12;1.04.2026;31.03.2027;333;EUR
Аэропорт-Отель-Аэропорт ;Аэропорт Dalaman;Sarigerme;Индивидуальный трансфер микроавтобус (без гида)(макс. 12 чел.);12;1.04.2026;31.03.2027;78;EUR
Аэропорт-Отель-Аэропорт ;Аэропорт Dalaman;Fethiye;Индивидуальный трансфер микроавтобус (без гида)(макс. 12 чел.);12;1.04.2026;31.03.2027;278;EUR
Аэропорт-Отель-Аэропорт ;Аэропорт Dalaman;Marmaris Hisaronu;Индивидуальный трансфер микроавтобус (без гида)(макс. 12 чел.);12;1.04.2026;31.03.2027;433;EUR
Аэропорт-Отель-Аэропорт ;Аэропорт Dalaman;Turunc;Индивидуальный трансфер микроавтобус (без гида)(макс. 12 чел.);12;1.04.2026;31.03.2027;433;EUR
Аэропорт-Отель-Аэропорт ;Аэропорт Dalaman;Yalancıbogaz;Индивидуальный трансфер микроавтобус (без гида)(макс. 12 чел.);12;1.04.2026;31.03.2027;389;EUR
Аэропорт-Отель-Аэропорт ;Аэропорт Dalaman;Bodrum;Индивидуальный трансфер микроавтобус (без гида)(макс. 12 чел.);12;1.04.2026;31.03.2027;522;EUR
Аэропорт-Отель-Аэропорт ;Аэропорт Dalaman;Didim;Индивидуальный трансфер микроавтобус (без гида)(макс. 12 чел.);12;1.04.2026;31.03.2027;456;EUR
Аэропорт-Отель-Аэропорт ;Аэропорт Dalaman;Datca;Индивидуальный трансфер микроавтобус (без гида)(макс. 12 чел.);12;1.04.2026;31.03.2027;533;EUR
Аэропорт-Отель-Аэропорт ;Аэропорт Dalaman;Dalaman;Индивидуальный трансфер MERCEDES VITO (без гида) (макс. 5 чел.);5;01.01.2024;31.03.2027;86;EUR
